video_id,title,url,upload_date,duration_sec,view_count
hha_vVDPxhk,インプラントで失敗する人の共通点について岡山の歯科医師が解説します,https://www.youtube.com/watch?v=hha_vVDPxhk,,492.0,
URGMquiHofg,歯周病の恐ろしい５つのサイン　その症状手遅れ寸前？知らないと歯を失います,https://www.youtube.com/watch?v=URGMquiHofg,,342.0,
BMPeiaf5Rx8,お口の健康を守るため定期検診を続けましょう　岡山の歯科医師が日々の歯磨きと歯科医院での定期検診の大切さをお話します,https://www.youtube.com/watch?v=BMPeiaf5Rx8,,296.0,
sEetl2U6gD4,歯医者が突然消える！夜逃げ・廃業　歯科トラブルの真相　あなたの歯科医院は大丈夫ですか？,https://www.youtube.com/watch?v=sEetl2U6gD4,,820.0,
ulsXTMtqdjo,【５０代・６０代のあなたへ】こんな歯医者に通うと絶対後悔します,https://www.youtube.com/watch?v=ulsXTMtqdjo,,653.0,
Oo5lQ9sT6lQ,２０２６年６月から歯医者の予約をキャンセルするとお金がかかる？岡山の歯科医師がキャンセル料について解説します,https://www.youtube.com/watch?v=Oo5lQ9sT6lQ,,519.0,
nrVNkp9Bxms,歯医者が絶対言わない真実　10年後歯医者は消える？　AIとロボットが変える歯科医療の未来について解説します,https://www.youtube.com/watch?v=nrVNkp9Bxms,,597.0,
hJVUKnLokXU,【インプラント】わかりやすくまんがで紹介します,https://www.youtube.com/watch?v=hJVUKnLokXU,,570.0,
fDPj4D6arYg,歯医者が絶対言わない真実　入れ歯の真実　誰も教えてくれなかった入れ歯の「本当の問題」について解説します,https://www.youtube.com/watch?v=fDPj4D6arYg,,427.0,
TTqw7o_YulQ,歯医者が絶対言わない真実　歯医者が絶対食べない食べ物BEST5　あなたが毎日食べているあれが歯を蝕んでいます,https://www.youtube.com/watch?v=TTqw7o_YulQ,,513.0,
5xot6YzOdlQ,歯医者が絶対言わない真実　歯周病の恐怖　歯が抜けるだけじゃない　 命に関わる病気,https://www.youtube.com/watch?v=5xot6YzOdlQ,,546.0,
fdZjAVIo7PI,歯医者が絶対言わない真実 　インプラントの真実　成功率95%以上なのに失敗する人の共通点について対談で解説します,https://www.youtube.com/watch?v=fdZjAVIo7PI,,492.0,
mgXoPt29jwA,歯医者が絶対言わない真実 その歯磨き全部間違いです 毎日やっているのに虫歯になる理由について対談で解説します,https://www.youtube.com/watch?v=mgXoPt29jwA,,395.0,
F89JkFLSWqk,【歯医者が絶対言わない真実】歯医者が本当に嫌がる患者５選について対談形式でお伝えします,https://www.youtube.com/watch?v=F89JkFLSWqk,,651.0,
a28kkHl8Wa4,【笑気麻酔】導入しました！歯の治療が怖い方 インプラント治療など安心して治療を受けることができます,https://www.youtube.com/watch?v=a28kkHl8Wa4,,409.0,
ncmPqMjq1Bs,【ブルーラジカル治療】おすすめする理由　光で菌を撃退する痛みの少ない歯周病治療です,https://www.youtube.com/watch?v=ncmPqMjq1Bs,,440.0,
D1sa5dwyuhg,【歯医者が絶対言わない真実】虫歯になる人の共通点　実は歯みがきより食べ方が虫歯の最大の原因です,https://www.youtube.com/watch?v=D1sa5dwyuhg,,418.0,
45oul_cFLlg,歯医者が絶対言わない真実　歯医者選びの真実　コンビニより多い歯医者　どこを選ぶかで歯の寿命が変わる,https://www.youtube.com/watch?v=45oul_cFLlg,,698.0,
SvZy344yg_g,新人歯科衛生士3名を紹介します（岡山市北区のなかの歯科・矯正歯科クリニック）,https://www.youtube.com/watch?v=SvZy344yg_g,,524.0,
O6rBuNTfof4,【歯医者が絶対言わない真実】その歯磨き全部間違いです　毎日やっているのに虫歯になる理由がわかります,https://www.youtube.com/watch?v=O6rBuNTfof4,,558.0,
2iYnlg3W1Hc,【歯医者が絶対言わない真実】インプラント成功率95%以上なのに失敗する人の共通点とは？,https://www.youtube.com/watch?v=2iYnlg3W1Hc,,468.0,
sISswYblMdM,【歯医者が絶対言わない真実】歯医者が本当に嫌がる患者５選,https://www.youtube.com/watch?v=sISswYblMdM,,578.0,
CBTy8MD6lTE,【歯医者が絶対言わない真実】日本人が歯を失う原因１位は虫歯ではありません　知らないと手遅れになる「歯周病」の真実,https://www.youtube.com/watch?v=CBTy8MD6lTE,,457.0,
RMhwZAM3a6o,９９％の人が知らない虫歯の予防法のポイントについて岡山の歯科が解説します,https://www.youtube.com/watch?v=RMhwZAM3a6o,,444.0,
wFuGTZne0dk,歯周病の正しい予防について岡山の歯科医師が解説します,https://www.youtube.com/watch?v=wFuGTZne0dk,,705.0,
7tLkMJz3B2s,【歯周病】正しい予防法について岡山の歯科医師が解説します,https://www.youtube.com/watch?v=7tLkMJz3B2s,,429.0,
3U7GPIHf6wE,９９％の人が知らない虫歯予防について岡山の歯科医師が解説します,https://www.youtube.com/watch?v=3U7GPIHf6wE,,338.0,
JjdHy8z5f9o,【歯周病】にマウスウォッシュは？岡山の歯科医師が歯周病に効果のあるマウスウォッシュについて解説します,https://www.youtube.com/watch?v=JjdHy8z5f9o,,346.0,
KFczd7Ks1DA,【歯科医師募集】本気で成長したい方へ！人生が変わる歯科医院,https://www.youtube.com/watch?v=KFczd7Ks1DA,,583.0,
Kr3KsgeyrCI,【保険が効く白い歯】CAD/CAM冠を入れる前に知ってほしい5つの事実,https://www.youtube.com/watch?v=Kr3KsgeyrCI,,490.0,
uaoMX-9FU3w,イラン・イスラエル紛争が歯科医院経営に及ぼす悪影響,https://www.youtube.com/watch?v=uaoMX-9FU3w,,697.0,
dCH-jXpWCVU,Chino THE METHOD　美骨師の流田ひろこさんをご紹介します,https://www.youtube.com/watch?v=dCH-jXpWCVU,,360.0,
ygyORoiYKJc,痛みのない虫歯治療への道　歯医者が怖い方へ！,https://www.youtube.com/watch?v=ygyORoiYKJc,,512.0,
RjnLJUq0SS0,歯の黄ばみでお悩みの方　原因別の治療法を岡山の歯科医師が解説します,https://www.youtube.com/watch?v=RjnLJUq0SS0,,704.0,
wtLv98KYnB8,【速報】２０２６年第１１９回歯科医師国家試験の合格率について,https://www.youtube.com/watch?v=wtLv98KYnB8,,512.0,
wLzkPZalX8U,審美歯科とは？見た目と機能　両方を大切にする歯科治療について岡山に歯科医が解説します,https://www.youtube.com/watch?v=wLzkPZalX8U,,544.0,
yOzdRgzeAeY,【抜歯】と歯医者で言われても歯を残すことが出来る3つの方法について岡山の歯科医師が解説します,https://www.youtube.com/watch?v=yOzdRgzeAeY,,641.0,
sijvTPDaqeU,【テレビ出演】報道ステーションに出ました,https://www.youtube.com/watch?v=sijvTPDaqeU,,517.0,
eoTuCLzV5g8,【イラン　イスラエル紛争】歯科医院経営に及ぼす悪影響について,https://www.youtube.com/watch?v=eoTuCLzV5g8,,459.0,
27vKbQoCE7w,ドリルで削らない痛みのない最新虫歯治療について岡山の歯科医師が解説します,https://www.youtube.com/watch?v=27vKbQoCE7w,,689.0,
hnPrlfQHuEo,【口臭】ケア対策について日本口臭学会の会員　岡山の歯科医師が解説します,https://www.youtube.com/watch?v=hnPrlfQHuEo,,289.0,
VjISPTkf_Eo,【歯の黄ばみ】毎日磨いているのになぜ？原因別に白い歯を取り戻す方法について岡山の歯科医師が解説します,https://www.youtube.com/watch?v=VjISPTkf_Eo,,478.0,
9CJGHmYwMjM,【審美歯科】お口元で年齢は変わる！将来を考えた歯科治療について岡山の歯科医師が解説します,https://www.youtube.com/watch?v=9CJGHmYwMjM,,522.0,
Z2ukFo9JiBw,【歯の寿命を延ばす】セラミック治療の真実｜銀歯のリスクと後悔しない選択肢を岡山の歯科医師が解説,https://www.youtube.com/watch?v=Z2ukFo9JiBw,,303.0,
UEgUywSiS58,親知らず　放置して顔が腫れて大変なことに！,https://www.youtube.com/watch?v=UEgUywSiS58,,261.0,
JvzmIG15hoc,たかが虫歯・されど虫歯,https://www.youtube.com/watch?v=JvzmIG15hoc,,471.0,
YJ2W5WFyNMY,【震災の教訓】避難所で命を落とさないために！岡山の歯科医が教える「災害時のお口のケア」,https://www.youtube.com/watch?v=YJ2W5WFyNMY,,480.0,
zTVS-KdSDIw,【抜歯】と言われても歯を残すことが出来る3つの方法について岡山の歯科医師が解説します,https://www.youtube.com/watch?v=zTVS-KdSDIw,,420.0,
Sh1vg8X4OWI,【舌がん】の恐怖！口内炎じゃないかも知れません？　岡山の歯科医師が舌がんの早期発見について解説します,https://www.youtube.com/watch?v=Sh1vg8X4OWI,,280.0,
hOn4hDHYQVw,大切な歯を失ったらインプラント　入れ歯　ブリッジ　それぞれのメリット・デメリットについて岡山の歯科医師が解説します,https://www.youtube.com/watch?v=hOn4hDHYQVw,,523.0,
2AEgVdf_03k,【ホワイトニング】輝く白い歯を！岡山の歯科医師が正しいホワイトニングについて解説します,https://www.youtube.com/watch?v=2AEgVdf_03k,,307.0,
QMGaZML_3KQ,【危険】こんな歯医者に要注意！５つのタイプについて岡山の歯科医師が対談形式で解説します,https://www.youtube.com/watch?v=QMGaZML_3KQ,,734.0,
CAwSsj9ZSK8,災害時にこそ大切なお口のケア　誤嚥性肺炎を防ぐためにできることについて岡山の歯科医師が解説します,https://www.youtube.com/watch?v=CAwSsj9ZSK8,,507.0,
G3Y3pZqvFZI,【虫歯は削らない！】歯が再生する最新研究　痛くない未来の治療,https://www.youtube.com/watch?v=G3Y3pZqvFZI,,485.0,
CDvYyZLfwPE,【危険】こんな歯医者に要注意！５つのタイプについて岡山の歯科医師が解説します,https://www.youtube.com/watch?v=CDvYyZLfwPE,,506.0,
GqBfV6iMXsg,インプラント治療のメリット・デメリット　岡山の歯科医師が徹底解説します,https://www.youtube.com/watch?v=GqBfV6iMXsg,,539.0,
-Zj3XnoK0Mk,始めるタイミングが大事　こどもの矯正治療について岡山の歯科医師が解説します,https://www.youtube.com/watch?v=-Zj3XnoK0Mk,,924.0,
JFNUvAafO2w,人は口から衰える！あなたのお口は大丈夫ですか？岡山の歯科医師が５つのポイントについて解説します,https://www.youtube.com/watch?v=JFNUvAafO2w,,529.0,
1iAAWMYBwBo,【マウスピース矯正】こっそり歯並びを治したいあなたへ！岡山の歯科医師が徹底解説します,https://www.youtube.com/watch?v=1iAAWMYBwBo,,443.0,
fKbL9ojkpe8,保険治療と自費治療の違いについて岡山の歯科医師が解説します,https://www.youtube.com/watch?v=fKbL9ojkpe8,,453.0,
gsvLJw-TrZk,あなたは骨が無いからインプラントは出来ませんと言われたら,https://www.youtube.com/watch?v=gsvLJw-TrZk,,366.0,
sjibQOcajnw,テレビ朝日系の番組「報道ステーション」 に出演しました,https://www.youtube.com/watch?v=sjibQOcajnw,,286.0,
1NojOjqPTWg,インプラント前に必ず聞いてほしい3つの質問,https://www.youtube.com/watch?v=1NojOjqPTWg,,554.0,
P_G_FTfrh20,求職者の皆さまにお伝えしたい「岡山なかの歯科・矯正歯科クリニック」が働きやすい５つの理由,https://www.youtube.com/watch?v=P_G_FTfrh20,,506.0,
jxGWbLaI3mo,「銀歯を入れるほど歯医者は赤字？」金・銀高騰で歯科医院が悲鳴を上げる？,https://www.youtube.com/watch?v=jxGWbLaI3mo,,552.0,
Nfx1MuH8NeI,歯医者でHow Much？高額機器のお値段あなたは知っていますか！？,https://www.youtube.com/watch?v=Nfx1MuH8NeI,,783.0,
ki19ahGzuFk,口内崩壊！人は口から衰える？岡山の歯科医師がお口の中の健康の大切さについて解説します,https://www.youtube.com/watch?v=ki19ahGzuFk,,446.0,
Yaqt6F-W6as,なかの歯科・矯正歯科クリニック　２０２６年の目標　原点回帰,https://www.youtube.com/watch?v=Yaqt6F-W6as,,184.0,
UB8Ito-Jv60,こどもの歯科矯正　はじめるタイミングが大事　岡山の歯科医師が解説します,https://www.youtube.com/watch?v=UB8Ito-Jv60,,388.0,
tgEgQIG2GX4,2026年が素敵な1年になりますように！なかの歯科・矯正歯科クリニック院長からスタッフへのビデオレター,https://www.youtube.com/watch?v=tgEgQIG2GX4,,189.0,
R2737eJNep4,2025年を振り返って【岡山なかの歯科・矯正歯科クリニック】,https://www.youtube.com/watch?v=R2737eJNep4,,566.0,
RTWQx62f2S4,歯の定期健診のススメ　なぜ痛くもないのにメンテナンス来院が必要なのか？岡山の歯科医師がマンガで分かりやすく解説します,https://www.youtube.com/watch?v=RTWQx62f2S4,,318.0,
mcqAtPCyzKU,小児矯正はいつから？親ができる準備について解説します,https://www.youtube.com/watch?v=mcqAtPCyzKU,,604.0,
fbAVlPbNZdo,ニューヨークに行って来ました　Greater New York歯科展示会へ！,https://www.youtube.com/watch?v=fbAVlPbNZdo,,737.0,
Fx2Jtaf8XrU,歯科の〇✖クイズ【上級？編】あなたは何問正解できますか？,https://www.youtube.com/watch?v=Fx2Jtaf8XrU,,693.0,
Wohfvxzjs3I,インプラント　ブリッジ　入れ歯　後悔しない選び方,https://www.youtube.com/watch?v=Wohfvxzjs3I,,477.0,
9rGxmIbtwi0,【求人】なかの歯科・矯正歯科クリニックが働きやすい５つの理由についてアニメでお伝えします,https://www.youtube.com/watch?v=9rGxmIbtwi0,,176.0,
Y4lMX7RvmxM,【ブルーラジカル】世界初の歯周病治療器を導入　治療を始めました,https://www.youtube.com/watch?v=Y4lMX7RvmxM,,402.0,
GI-DE2MJMlI,なかの歯科・矯正歯科クリニックが選ばれる５つの理由についてアニメでお伝えします,https://www.youtube.com/watch?v=GI-DE2MJMlI,,202.0,
QmEGv97M0wk,歯科の〇✖クイズ【初級・中級編】あなたは何問正解できますか？,https://www.youtube.com/watch?v=QmEGv97M0wk,,524.0,
S8D2z-hc2XQ,世にも恐ろしい感染症のお話　誤嚥性肺炎について対談で解説します,https://www.youtube.com/watch?v=S8D2z-hc2XQ,,469.0,
-c1UcLYIpcE,歯を失うと介護が必要になる！衝撃のデータを公開します,https://www.youtube.com/watch?v=-c1UcLYIpcE,,516.0,
0l7rnTd37xc,歯磨きだけじゃ取れない歯石【隠れ歯石】の恐怖について！,https://www.youtube.com/watch?v=0l7rnTd37xc,,450.0,
AUfs5KQafDI,常識逆転！自宅で虫歯を治す方法について岡山の歯科医師が解説します,https://www.youtube.com/watch?v=AUfs5KQafDI,,424.0,
sY5ymC_LckU,インプラント・ブリッジ・入れ歯　歯を失ったときの後悔しない治療法について岡山の歯科医師が解説します,https://www.youtube.com/watch?v=sY5ymC_LckU,,525.0,
_j6bl1bH7UU,大人のマウスピース矯正　もう遅い？今さら・・・とお考えの方に！,https://www.youtube.com/watch?v=_j6bl1bH7UU,,514.0,
XCwB-xxxPBs,世にも恐ろしい感染症のお話　誤嚥性肺炎について解説します,https://www.youtube.com/watch?v=XCwB-xxxPBs,,377.0,
NM5S5s0ghSg,【虫歯】自宅でを治す？新常識について岡山の歯科医師が解説します,https://www.youtube.com/watch?v=NM5S5s0ghSg,,754.0,
maA8_OudnLA,NHK「所さん！事件ですよ」で取材された【埋蔵金？】銀歯が売れる！,https://www.youtube.com/watch?v=maA8_OudnLA,,353.0,
hyFgObJYRgA,【隠れ歯石】見えない歯石が命を奪う！？歯周病の原因と予防について岡山の歯科医師が解説します,https://www.youtube.com/watch?v=hyFgObJYRgA,,312.0,
qNSxBPCiDkM,【インプラント】人生を変える新時代の治療法について解説します,https://www.youtube.com/watch?v=qNSxBPCiDkM,,427.0,
Qqbl8sTGhIc,歯を失うと介護リスク１５.６倍！岡山の現役歯科医師が健康に長生きするための秘訣をお話します,https://www.youtube.com/watch?v=Qqbl8sTGhIc,,402.0,
gvGW4mqmQZ0,後悔しないためのセラミック治療について岡山の歯科医師が解説します,https://www.youtube.com/watch?v=gvGW4mqmQZ0,,320.0,
lVFjqzYzfUY,【歯周病】静かに進む沈黙の病気　気がつけば歯が抜ける？治療法と日々のケアについて解説します,https://www.youtube.com/watch?v=lVFjqzYzfUY,,380.0,
Hg2hdBoPwPY,朝起きたら顎が痛い！歯がボロボロになる歯ぎしりの恐怖,https://www.youtube.com/watch?v=Hg2hdBoPwPY,,438.0,
m-gC9Ge1qlw,【親知らず】放置して顔が腫れて激痛,https://www.youtube.com/watch?v=m-gC9Ge1qlw,,274.0,
qzxc_Vuzrwk,インプラント周囲炎になると・・・岡山の歯科医師が予防法について解説します,https://www.youtube.com/watch?v=qzxc_Vuzrwk,,583.0,
e3ld5zTTWs8,歯科医師が本音で語る「おすすめしない歯科治療」,https://www.youtube.com/watch?v=e3ld5zTTWs8,,649.0,
YzMu9doUn8g,たかが虫歯・されど虫歯放置するとどうなる？ 岡山の歯科医師が虫歯の進行について解説します,https://www.youtube.com/watch?v=YzMu9doUn8g,,432.0,
argEaEG8o98,【歯とお口の定期検診】についてアニメで解説します,https://www.youtube.com/watch?v=argEaEG8o98,,111.0,
ifOi3ZPUnoM,歯医者が大倒産時代？大廃業時代？　歯科医院の倒産・休廃業の現状とその要因について解説します,https://www.youtube.com/watch?v=ifOi3ZPUnoM,,672.0,
MSP36rCTw0Q,【ブルーラジカル】世界初の歯周病治療器　導入しました,https://www.youtube.com/watch?v=MSP36rCTw0Q,,308.0,
3tyWgNxVZT8,【後払いシステム】を導入しました　岡山市北区　なかの歯科・矯正歯科クリニック,https://www.youtube.com/watch?v=3tyWgNxVZT8,,267.0,
fTQgzA78HTw,中野愛輔のAI歯科相談室はじまりました,https://www.youtube.com/watch?v=fTQgzA78HTw,,369.0,
lYgvnrsaReQ,インプラント１本６０万円　この価格　妥当ですか？,https://www.youtube.com/watch?v=lYgvnrsaReQ,,499.0,
juC7FUYyxm4,【ブルーラジカル】世界初の歯周病治療器をアニメで分かりやすく解説します,https://www.youtube.com/watch?v=juC7FUYyxm4,,237.0,
U4te6uFv-_o,【セルフホワイトニングでトラブル急増中！】危険なカラクリと歯科ホワイトニングとの違いを岡山の歯科医師が解説,https://www.youtube.com/watch?v=U4te6uFv-_o,,446.0,
lesL8B66boQ,サンフランシスコ　ロサンゼルスで定点観測　日本の歯科を未来予想します,https://www.youtube.com/watch?v=lesL8B66boQ,,1190.0,
GVpatqlcaaE,歯の治療 この治療だけは正直おすすめ出来ません　岡山の歯科医師が本音で語ります,https://www.youtube.com/watch?v=GVpatqlcaaE,,600.0,
v7Ki3UlDofk,歯科医院の倒産・休廃業の現状とその要因について岡山の歯科医師が解説します,https://www.youtube.com/watch?v=v7Ki3UlDofk,,491.0,
j5vrwxTfjOU,歯科の情報をマスコミの方々に積極的に提供させていただきます,https://www.youtube.com/watch?v=j5vrwxTfjOU,,576.0,
H9bzA9yqBrc,【インプラント1本60万円】岡山の歯科医師が費用相場を徹底解説します,https://www.youtube.com/watch?v=H9bzA9yqBrc,,610.0,
-VszTrH8boY,岡山市「なかの歯科・矯正歯科クリニック」のキャリア・パートナーシップについて,https://www.youtube.com/watch?v=-VszTrH8boY,,459.0,
PKrMos6HP90,【歯科医師募集】岡山で一緒に働く新しい仲間を探しています！,https://www.youtube.com/watch?v=PKrMos6HP90,,184.0,
SyT_K00n7mI,中野愛輔のAIを活用したLINE歯科相談室はじまります,https://www.youtube.com/watch?v=SyT_K00n7mI,,173.0,
4h7VNVSIZG8,オールオン４治療を受ける歯科医院の選び方【その７】,https://www.youtube.com/watch?v=4h7VNVSIZG8,,393.0,
Xqrl0ROWBrg,岡山で一緒に働く歯科医師を募集します,https://www.youtube.com/watch?v=Xqrl0ROWBrg,,650.0,
XoiNGmXnsCg,【魔法のインプラント】商標登録しました　多くの治療実績　静脈内鎮静法を使ったオールオン４治療について解説します,https://www.youtube.com/watch?v=XoiNGmXnsCg,,446.0,
7vLMupb0xWw,【歯が溶ける！？】酸蝕症とは？原因と対策を岡山の歯科医師が解説,https://www.youtube.com/watch?v=7vLMupb0xWw,,309.0,
yKzI2MytY-A,【災害時の口腔ケア】災害時お口の中のケアが命を守る！岡山の歯科医師がケア法について解説します,https://www.youtube.com/watch?v=yKzI2MytY-A,,357.0,
VelHk1YuJLc,【要注意！】夏に親知らずが腫れやすい理由について岡山の歯科医師が解説します,https://www.youtube.com/watch?v=VelHk1YuJLc,,283.0,
m-ilauKRoTs,【インプラントストーリー】インプラント治療が良く分かる！特別冊子無料プレゼント,https://www.youtube.com/watch?v=m-ilauKRoTs,,197.0,
UZFaTg7MR9A,６０歳からのインプラント　高齢でも手術はできるの？,https://www.youtube.com/watch?v=UZFaTg7MR9A,,439.0,
FfBDg9L6WcA,暑い夏に急増するお口のトラブル５選について岡山の歯科医師が解説します,https://www.youtube.com/watch?v=FfBDg9L6WcA,,331.0,
gMdhg8L2CyU,銀歯って売れるの？岡山の歯科医師が検証　実際にブックオフで売ってみた結果,https://www.youtube.com/watch?v=gMdhg8L2CyU,,643.0,
qyAtLCUIuVs,【インプラント】失敗例から学ぶ後悔しない選び方,https://www.youtube.com/watch?v=qyAtLCUIuVs,,374.0,
fS4xJGBOYGY,【マウスピース矯正で失敗？】よくあるトラブルと対処法を岡山の歯科医が解説します,https://www.youtube.com/watch?v=fS4xJGBOYGY,,511.0,
6FupFSjjVQU,【GOLD高騰の裏側】金の価格高騰が歯科治療や歯科医院に与える影響,https://www.youtube.com/watch?v=6FupFSjjVQU,,573.0,
WI7QM9giBlY,小児矯正の第二期治療についてアニメで解説します,https://www.youtube.com/watch?v=WI7QM9giBlY,,49.0,
5SiCXyfWXME,こんな患者さんは歯科治療が難しくなります　岡山の歯科医師が本音を語ります,https://www.youtube.com/watch?v=5SiCXyfWXME,,460.0,
TsWNE_wlRAw,オールオン４治療を受ける歯科医院の選び方【その６】,https://www.youtube.com/watch?v=TsWNE_wlRAw,,356.0,
74qN0klENb4,総入れ歯の寿命は？長持ちさせる秘訣とは 岡山の歯科医師が徹底解説します,https://www.youtube.com/watch?v=74qN0klENb4,,556.0,
usa1pOP53j0,【歯ぎしり】が引き起こす意外なトラブル５選　岡山の歯科医師が徹底解説します,https://www.youtube.com/watch?v=usa1pOP53j0,,424.0,
CEgGwD3-Yg4,【魔法のインプラント】商標登録は患者様との約束,https://www.youtube.com/watch?v=CEgGwD3-Yg4,,360.0,
UhmHinbRAzM,岡山の歯科医が教える！失敗しない歯科医院の選び方５選,https://www.youtube.com/watch?v=UhmHinbRAzM,,825.0,
nS5Q7dZcZCk,小児矯正　歯科医院選びのポイントについてアニメで解説します,https://www.youtube.com/watch?v=nS5Q7dZcZCk,,54.0,
4KVRyYdRuIg,【オールオン4】たった1日で新しい歯を！人生が変わる治療法について徹底解説,https://www.youtube.com/watch?v=4KVRyYdRuIg,,519.0,
7D96qey4Yss,【健康の秘訣は「噛むこと」にあり！】しっかり噛める歯で豊かな毎日を！,https://www.youtube.com/watch?v=7D96qey4Yss,,612.0,
cFF7zxdAAuU,オールオン４治療を受ける歯科医院の選び方【その５】　失敗を避けるためのポイントについて解説します,https://www.youtube.com/watch?v=cFF7zxdAAuU,,436.0,
hQ0mJyflBBo,歯周病は放っておくと命に関わる！？糖尿病・認知症との関係について岡山の歯科医師が解説します,https://www.youtube.com/watch?v=hQ0mJyflBBo,,422.0,
8-CHEXuRY2E,マウスピース矯正治療のメリット・デメリットについてアニメでお伝えします,https://www.youtube.com/watch?v=8-CHEXuRY2E,,63.0,
OX4zysXIXpU,歯科医院でセカンドオピニオンを受ける際の注意点について岡山の歯科医師が解説します,https://www.youtube.com/watch?v=OX4zysXIXpU,,734.0,
9P9zXZQysH8,歯の治療　この治療だけは正直おすすめできません　現役歯科医師が本音でお話します,https://www.youtube.com/watch?v=9P9zXZQysH8,,641.0,
WyFe7gGeMHg,歯周病の治療法と10のセルフチェックについて岡山の歯科医師が解説します,https://www.youtube.com/watch?v=WyFe7gGeMHg,,821.0,
lkkcqx9fKiE,教えてインプラント　ブリッジ治療のメリット・デメリットについてアニメで解説します,https://www.youtube.com/watch?v=lkkcqx9fKiE,,53.0,
qudy5HMEmng,岡山の歯科医が教える失敗しない歯科医院の選び方５選,https://www.youtube.com/watch?v=qudy5HMEmng,,589.0,
bIvH10s9pU0,痛みが少ないホワイトニングで輝く笑顔を！,https://www.youtube.com/watch?v=bIvH10s9pU0,,226.0,
AzRAG-B9NBA,虫歯治療　歯医者さんはどうするの？岡山の歯科医師が虫歯治療について詳しくお話します,https://www.youtube.com/watch?v=AzRAG-B9NBA,,715.0,
aAECKcNx3vE,オールオン４治療を受ける歯科医院の選び方【その４】自分に合った歯科医院を選ぶために,https://www.youtube.com/watch?v=aAECKcNx3vE,,535.0,
FiG4jfHm7Js,おすすめ歯科医院ガイド【岡山市】最新情報　２０２５,https://www.youtube.com/watch?v=FiG4jfHm7Js,,505.0,
_6DdS4z5RBc,入れ歯治療の進め方について岡山の歯科医師が解説します,https://www.youtube.com/watch?v=_6DdS4z5RBc,,369.0,
HP7rEsA6LO0,小児矯正　お子さまの歯並びの注意点についてアニメで解説します,https://www.youtube.com/watch?v=HP7rEsA6LO0,,55.0,
nZquGFxxdbk,オールオン４治療を受ける歯科医院の選び方【その３】費用について解説します,https://www.youtube.com/watch?v=nZquGFxxdbk,,336.0,
lckQ-xc2Ci4,【ブリッジ】むし歯治療　歯を失ったときの治療法について岡山の歯科医師が解説します,https://www.youtube.com/watch?v=lckQ-xc2Ci4,,219.0,
KpgqQ5P3e1A,かぶせもの治療（歯の根の治療がある場合とない場合）について岡山の歯科医師が詳しく解説します,https://www.youtube.com/watch?v=KpgqQ5P3e1A,,474.0,
EkSGYn1Y8e8,オールオン４やるならいつ？,https://www.youtube.com/watch?v=EkSGYn1Y8e8,,446.0,
pdRZkwqkYRU,オールオン４治療を受ける歯科医院の選び方【その２】,https://www.youtube.com/watch?v=pdRZkwqkYRU,,798.0,
QmqhdvKaJ3Y,歯医者さんで治療を受けるときのつめものについて岡山の歯科医師が解説します,https://www.youtube.com/watch?v=QmqhdvKaJ3Y,,428.0,
T3v6nD7pB20,金持ち歯医者さん　貧乏歯医者さんの違いについて,https://www.youtube.com/watch?v=T3v6nD7pB20,,738.0,
4MWModSB-Lc,選んではいけない歯科のかかりつけ医　見極め方７選,https://www.youtube.com/watch?v=4MWModSB-Lc,,722.0,
_juVBEDQhBQ,オールオン４治療を受ける歯科医院の選び方【その１】,https://www.youtube.com/watch?v=_juVBEDQhBQ,,630.0,
luQP4kFmxGU,金持ち歯医者さんと貧乏歯医者さんの違いをChatGPTに質問してみました,https://www.youtube.com/watch?v=luQP4kFmxGU,,409.0,
upQ5GgCWpb8,岡山の歯科医師が考える金持ち歯医者さんと貧乏歯医者さんの違いとは？,https://www.youtube.com/watch?v=upQ5GgCWpb8,,416.0,
FtV2nn8tXIM,ワイヤー式の歯列矯正 ブラケット矯正のメリット・デメリットについてアニメで解説します,https://www.youtube.com/watch?v=FtV2nn8tXIM,,61.0,
HESpl7aakO4,トランプで日本の歯科は悪化する？岡山の歯科医師が日本の今後の歯科医療について予測します,https://www.youtube.com/watch?v=HESpl7aakO4,,673.0,
gUyYC3HACLQ,歯医者さんでの定期検診プロケアの重要性について岡山の歯科医師が解説します,https://www.youtube.com/watch?v=gUyYC3HACLQ,,276.0,
TS5qpdSlMnQ,60代からの歯周病対策 歯ぐきの下がり・歯が抜けるリスクを減らす方法について岡山の歯科医師が解説します,https://www.youtube.com/watch?v=TS5qpdSlMnQ,,432.0,
7tCu7t7dPsg,針金のない入れ歯　ノンクラスプデンチャーの取り扱いについて岡山の歯科医師が解説します,https://www.youtube.com/watch?v=7tCu7t7dPsg,,302.0,
vJ55B6zcRuM,教えてインプラント　抜けた歯を放置するとどうなるの？アニメで解説します,https://www.youtube.com/watch?v=vJ55B6zcRuM,,48.0,
TPfHSCNp2tk,何故必要？歯のメンテ来院　歯石取りについてアニメで解説します,https://www.youtube.com/watch?v=TPfHSCNp2tk,,52.0,
U2fNtG8Kw5A,子供や孫に伝えたい　歯を大切にするために知ってほしいことを岡山の歯科医師がお話します,https://www.youtube.com/watch?v=U2fNtG8Kw5A,,477.0,
Hvu6lWqbxPo,歯科検診って何するの？５０代からの歯科検診でチェックするポイントについて岡山の歯科医師が解説します,https://www.youtube.com/watch?v=Hvu6lWqbxPo,,434.0,
MXntmNwvRkg,ホワイトニングで輝く白い歯に！,https://www.youtube.com/watch?v=MXntmNwvRkg,,53.0,
I3rfrh6Wn6I,歯が抜けたまま放置するとどうなる？５つの悪い影響について岡山の歯科医師が解説します,https://www.youtube.com/watch?v=I3rfrh6Wn6I,,532.0,
QOGr-BxpCts,総入れ歯ってどんな感じ？総入れ歯のリアルとよくあるお悩みについてお話します,https://www.youtube.com/watch?v=QOGr-BxpCts,,599.0,
MB6lsSGXb_g,小児矯正　大人の矯正との違いについてアニメで解説します,https://www.youtube.com/watch?v=MB6lsSGXb_g,,53.0,
KjzqdReSVI8,社会人で矯正をする人が多い理由について岡山の歯科医師が解説します,https://www.youtube.com/watch?v=KjzqdReSVI8,,220.0,
ZB8Wl6gahlk,マウスピースを使った矯正治療について岡山の歯科医師が解説します,https://www.youtube.com/watch?v=ZB8Wl6gahlk,,541.0,
44VpSqYbvwI,マウスピース矯正できれいな歯並びを！岡山で歯並び矯正治療の無料相談を行っています,https://www.youtube.com/watch?v=44VpSqYbvwI,,57.0,
x3Ucbp-Xix8,あなたは気が付いてますか？歯ぎしりしてますよ,https://www.youtube.com/watch?v=x3Ucbp-Xix8,,542.0,
jBhakoOqcTA,神経を抜いた歯の処置方法について岡山の歯科医師が解説します,https://www.youtube.com/watch?v=jBhakoOqcTA,,661.0,
u7GPDMfGtYQ,あなたの歯は大丈夫ですか？知らぬ間に進行する歯周病　岡山の歯科医師が歯周病の怖さについて解説します,https://www.youtube.com/watch?v=u7GPDMfGtYQ,,928.0,
GFukcvwDjWg,あなたはしっかりと噛むことが出来ていますか？岡山の歯科医師が噛むことの大切さをお伝えします,https://www.youtube.com/watch?v=GFukcvwDjWg,,900.0,
ykHr-fUVp3s,歯科治療　保険の治療と自費の治療の違いについてアニメで解説します,https://www.youtube.com/watch?v=ykHr-fUVp3s,,51.0,
D5PnXXGGDlw,歯を大切にすることで得をする４つの理由について岡山の歯科医師が解説します,https://www.youtube.com/watch?v=D5PnXXGGDlw,,444.0,
uJ1ZKjX4YGg,教えて！小児矯正　子どもさんの歯並び矯正治療を始めるタイミングについて岡山の歯科医師が解説します,https://www.youtube.com/watch?v=uJ1ZKjX4YGg,,447.0,
Orsc8OkGfss,どう選ぶ？保険と自費の入れ歯　岡山の歯科医師が違いを解説します,https://www.youtube.com/watch?v=Orsc8OkGfss,,494.0,
ftzizg2_SBg,歯周病は万病のもと　メンテ来院を続けましょう,https://www.youtube.com/watch?v=ftzizg2_SBg,,36.0,
pDeWnf1UEWw,医療ホワイトニングで輝く白い歯に！,https://www.youtube.com/watch?v=pDeWnf1UEWw,,302.0,
GxSi9euXqW8,教えてインプラント　歯を失ったときの治療法　ブリッジ　入れ歯　インプラント　それぞれのメリット・デメリットについて岡山の歯科医師が解説します,https://www.youtube.com/watch?v=GxSi9euXqW8,,480.0,
hcl_2lVkUvw,どう違う？保険の治療と自費の治療（詰め物・被せ物）アニメで岡山の歯科医師が解説します,https://www.youtube.com/watch?v=hcl_2lVkUvw,,43.0,
v6BR6302mQE,あなたの歯大丈夫？知らぬ間に進行する歯周病の恐怖,https://www.youtube.com/watch?v=v6BR6302mQE,,729.0,
n_MllxhOG_Y,アニメでわかる！歯科定期検診を続けた未来と続けなかった未来,https://www.youtube.com/watch?v=n_MllxhOG_Y,,345.0,
JpV9ssrSdzo,しっかり噛めないとどんなデメリットがあるか？　岡山の歯科医師が解説します,https://www.youtube.com/watch?v=JpV9ssrSdzo,,727.0,
1aB0A7_83Fs,どう選ぶ？保険と自費の入れ歯　アニメで解説します,https://www.youtube.com/watch?v=1aB0A7_83Fs,,42.0,
EjzyV50mY5E,なかの歯科・矯正歯科クリニックをアニメで紹介します,https://www.youtube.com/watch?v=EjzyV50mY5E,,54.0,
Jy44IRebBT8,なかの歯科・矯正歯科クリニック求職者の方へメッセージ,https://www.youtube.com/watch?v=Jy44IRebBT8,,62.0,
uIiPCTCJFJ0,歯を白くしたい　サロンと歯医者の違いについて岡山の歯科医師が解説します,https://www.youtube.com/watch?v=uIiPCTCJFJ0,,310.0,
2tqKxUjiZo8,NHK「所さん！事件ですよ」に出演して【言い訳】をさせていただきます,https://www.youtube.com/watch?v=2tqKxUjiZo8,,671.0,
Ngu-RqLoCxE,小児矯正は始めるタイミングが大切！岡山の歯科医師がアニメで解説します,https://www.youtube.com/watch?v=Ngu-RqLoCxE,,52.0,
UG1l60Hv4a8,むし歯と歯周病　健康なお口を守るための予防とケアの方法を岡山の歯科医師が解説します,https://www.youtube.com/watch?v=UG1l60Hv4a8,,963.0,
zxmfBgNZinA,マウスピース矯正インビザラインの情報をアニメで発信します,https://www.youtube.com/watch?v=zxmfBgNZinA,,50.0,
SHMMqx9WI_U,歯科医師　中野浩輔　６２歳の誕生日を迎えて,https://www.youtube.com/watch?v=SHMMqx9WI_U,,576.0,
20PtxDj63fI,なかの歯科・矯正歯科クリニックで働く歯科衛生士を紹介します,https://www.youtube.com/watch?v=20PtxDj63fI,,286.0,
TLweh07uAAo,歯を失ったときの治療法　インプラントについてアニメで解説します,https://www.youtube.com/watch?v=TLweh07uAAo,,49.0,
2cRFd5dBd2I,歯科医院　保険の治療と自費の治療について岡山の歯科医師がアニメで解説します,https://www.youtube.com/watch?v=2cRFd5dBd2I,,50.0,
7YsLExP2OrI,総入れ歯でお困りの方に岡山の歯科医師がインプラント入れ歯について解説します,https://www.youtube.com/watch?v=7YsLExP2OrI,,150.0,
7_B_SvP-rsQ,恐るべき歯周病　岡山の歯科医師が歯周病のリスクと対策について解説します,https://www.youtube.com/watch?v=7_B_SvP-rsQ,,742.0,
_dcz1vFEMkk,歯のメンテ来院　何故必要？　歯周病が歯を失う一番の原因です　岡山の歯科医師が歯周病予防についてアニメで解説します,https://www.youtube.com/watch?v=_dcz1vFEMkk,,37.0,
SusP7wPdT1I,むし歯を予防をするための基礎知識について岡山の歯科医師が解説します,https://www.youtube.com/watch?v=SusP7wPdT1I,,946.0,
XKpfCGbZMpY,歯のメンテ来院　何故必要？　岡山の歯科医師がアニメで解説,https://www.youtube.com/watch?v=XKpfCGbZMpY,,46.0,
GjrAOLZZULY,健康に生きるためには健康な歯を残す！岡山の歯科医師が健康に生きる秘訣についてお話します,https://www.youtube.com/watch?v=GjrAOLZZULY,,630.0,
i_GlnLYLKpU,むし歯　歯周病を防ぐため今からできる3つの対策について岡山の歯科医師が解説します,https://www.youtube.com/watch?v=i_GlnLYLKpU,,651.0,
NNsAqPeu7tY,恐るべき歯周病のリスクについて岡山の歯科医師が解説します,https://www.youtube.com/watch?v=NNsAqPeu7tY,,615.0,
4meqBDglXMQ,知らないとヤバイ！！プラークが招く恐怖の連鎖　むし歯予防について岡山の歯科医師が解説します,https://www.youtube.com/watch?v=4meqBDglXMQ,,655.0,
1DHG7_rgSwI,オールオン４の治療法の解説と実際の症例を紹介します,https://www.youtube.com/watch?v=1DHG7_rgSwI,,501.0,
OGtXH-wqgUY,女性に多い顎関節症の対処法について岡山の歯科医師が解説します,https://www.youtube.com/watch?v=OGtXH-wqgUY,,596.0,
gSulbdE0le0,誰もが気になる口臭　岡山の歯科医師が自分で出来る口臭チェック法と口臭対策について解説します,https://www.youtube.com/watch?v=gSulbdE0le0,,485.0,
l7YVSV8H3Vg,歯の詰めもの・被せもの保険で治す？自費で治す？岡山の歯科医師が保険診療と自由診療　材料の違いについて解説します,https://www.youtube.com/watch?v=l7YVSV8H3Vg,,432.0,
3ggtuiExXkU,正しいフロスの使い方で虫歯や歯周病・口臭を予防しましょう　岡山の歯科医師がフロスの使い方を解説します,https://www.youtube.com/watch?v=3ggtuiExXkU,,340.0,
lUUFQEQniyI,金属アレルギー　銀歯が金属アレルギーの原因かも？　岡山の歯科医師が対処法についてお話します,https://www.youtube.com/watch?v=lUUFQEQniyI,,264.0,
0zSNTv1Y2SE,【ガミースマイル】の治し方　笑うと上の唇が上がり歯ぐきが大きく見えてしまう方　岡山の歯科医師が治療方法についてお話します,https://www.youtube.com/watch?v=0zSNTv1Y2SE,,207.0,
iaFeMGpCWOE,健康に生きるためには健康な歯を残す　岡山の歯科医師が健康に生きる秘訣についてお話します,https://www.youtube.com/watch?v=iaFeMGpCWOE,,574.0,
pkIhZHNoBZ8,審美歯科治療のメリット・デメリットについて岡山の歯科医師が解説します,https://www.youtube.com/watch?v=pkIhZHNoBZ8,,292.0,
SAdPYueJVYM,NHK「所さん事件ですよ！」歯医者で美容整形! 大廃業時代のサバイバル２月１日放送になかの歯科・矯正歯科クリニック院長　中野浩輔が出演します,https://www.youtube.com/watch?v=SAdPYueJVYM,,305.0,
3URdEXnTvpE,冬場女性に多い【顎関節症】の原因と治療法について岡山の歯科医師が解説します,https://www.youtube.com/watch?v=3URdEXnTvpE,,376.0,
cPBG5BJn4H4,誰もが嫌なお口の臭い　口臭について岡山の歯科医師が解説します,https://www.youtube.com/watch?v=cPBG5BJn4H4,,493.0,
rOxBlljmJYA,歯医者でのセカンドオピニオンについて岡山の歯科医師がお話します,https://www.youtube.com/watch?v=rOxBlljmJYA,,521.0,
Vl6X4OX_dak,歯を失う原因　歯石　むし歯　歯周病について岡山の歯科医師が徹底解説！,https://www.youtube.com/watch?v=Vl6X4OX_dak,,440.0,
wKPtZZtOFHI,【歯科医療の闇】岡山の現役歯科医師が明かすヤバイ真実とは？,https://www.youtube.com/watch?v=wKPtZZtOFHI,,1223.0,
B7FHLj841hk,２０２５年の豊富　今年も岡山【なかの歯科・矯正歯科クリニック】よろしくお願いします,https://www.youtube.com/watch?v=B7FHLj841hk,,895.0,
ZE0zzTGkRnY,歯科衛生士のお仕事とは？　岡山市のなかの歯科・矯正歯科クリニックでは歯科衛生士を募集しています,https://www.youtube.com/watch?v=ZE0zzTGkRnY,,359.0,
iLUK79ys2K4,歯の根っこの治療　根管治療について岡山の歯科医師が解説します,https://www.youtube.com/watch?v=iLUK79ys2K4,,548.0,
AR4-99jO5gw,２０２４年振り返り２０２５年最高の笑顔で頑張りましょう！,https://www.youtube.com/watch?v=AR4-99jO5gw,,283.0,
dt8_Rwgx-oY,歯周病と全身の健康　歯周病10のチェックリスト,https://www.youtube.com/watch?v=dt8_Rwgx-oY,,405.0,
iwIB6Y_7eh4,なかの歯科・矯正歯科クリニック　院長中野浩輔　２０２５年の抱負,https://www.youtube.com/watch?v=iwIB6Y_7eh4,,367.0,
zWfIaqY27Bg,【歯科治療恐怖症】歯医者での治療が怖い方への対処法について岡山の歯科医師が解説します,https://www.youtube.com/watch?v=zWfIaqY27Bg,,583.0,
OEDISNXTqaY,ニューヨーク　行って来ました！,https://www.youtube.com/watch?v=OEDISNXTqaY,,489.0,
IkSyjvO5b-o,【歯科医師国家試験】合格のヒント！,https://www.youtube.com/watch?v=IkSyjvO5b-o,,848.0,
EBby1_DNQvQ,NHK「所さん！の事件ですよ」に出演します,https://www.youtube.com/watch?v=EBby1_DNQvQ,,552.0,
0LZR6cRQASw,インプラント治療の失敗とその原因について岡山の歯科医師が解説します,https://www.youtube.com/watch?v=0LZR6cRQASw,,349.0,
1zylpuEFkyU,インプラント治療の流れ　初診カウンセリングから歯が入るまで,https://www.youtube.com/watch?v=1zylpuEFkyU,,306.0,
hL8IAV_85yw,インプラント治療　よくある10の質問についてお答えします,https://www.youtube.com/watch?v=hL8IAV_85yw,,588.0,
_2kDHxMmng4,歯を失った時の治療法　インプラントとブリッジの違いについて,https://www.youtube.com/watch?v=_2kDHxMmng4,,441.0,
bVdYZvMo3lw,インプラントの本を出版しました【１日で新しい歯を取り戻す奇跡のインプラント　歯がボロボロ・グラグラで食事を楽しめない全ての方にこの本を捧げます】,https://www.youtube.com/watch?v=bVdYZvMo3lw,,307.0,
1iuCpqgOw8U,【歯科治療恐怖症】歯科医院での治療が怖い方への対処法について岡山の歯科医師が解説します,https://www.youtube.com/watch?v=1iuCpqgOw8U,,423.0,
DoogbFREnxw,ホワイトニングで輝く白い歯を！岡山の歯科医師が歯のホワイトニングについて解説します,https://www.youtube.com/watch?v=DoogbFREnxw,,391.0,
Yw4zE0aEvmU,インプラント治療のメリット・デメリットについて岡山の歯科医師が解説します,https://www.youtube.com/watch?v=Yw4zE0aEvmU,,652.0,
STwhr6BayUg,お口の健康とインフルエンザ予防について岡山の歯科医師が解説します,https://www.youtube.com/watch?v=STwhr6BayUg,,366.0,
_PRCNeybTrw,オールオン４　ザイゴマインプラントの研修にブラジルのサンパウロに行って来ました,https://www.youtube.com/watch?v=_PRCNeybTrw,,828.0,
gseHHIrly8Y,書籍「１日で新しい歯を取り戻す奇跡のインプラント　オールオン４」,https://www.youtube.com/watch?v=gseHHIrly8Y,,328.0,
SlqhQ3NwGT0,本当はどうなの？インプラント治療　メリット・デメリットを教えます！,https://www.youtube.com/watch?v=SlqhQ3NwGT0,,425.0,
TSXc1ttUDWI,最新の歯周病治療を岡山市のなかの歯科・矯正歯科クリニックでは行っています,https://www.youtube.com/watch?v=TSXc1ttUDWI,,452.0,
eVD_dcN4EGg,根管治療　虫歯が神経まで進行した場合の治療の注意点について解説します,https://www.youtube.com/watch?v=eVD_dcN4EGg,,493.0,
TeBUK3wgkIQ,歯を失った時の治療法について,https://www.youtube.com/watch?v=TeBUK3wgkIQ,,449.0,
8LYw4yW0GqI,大人の見えない矯正　何歳になってもできる？　矯正の費用と治療期間について解説します,https://www.youtube.com/watch?v=8LYw4yW0GqI,,464.0,
alfyuaRDnpU,最新のCTを導入しました　岡山市北区　なかの歯科・矯正歯科クリニック,https://www.youtube.com/watch?v=alfyuaRDnpU,,237.0,
QC7-RBTMEnM,女性に多い顎関節症の治療について岡山の歯科医師が解説します,https://www.youtube.com/watch?v=QC7-RBTMEnM,,446.0,
6AVyXmxD0b0,口臭でお悩みの方へ　岡山の歯科医師が口臭対策について解説します,https://www.youtube.com/watch?v=6AVyXmxD0b0,,456.0,
VzzbzVhx_Io,最新の虫歯治療について岡山の歯科医師がお話します,https://www.youtube.com/watch?v=VzzbzVhx_Io,,419.0,
677C687VWKw,審美歯科治療　輝く笑顔は白い歯から　メリット・デメリットついてお話します,https://www.youtube.com/watch?v=677C687VWKw,,471.0,
p4uP9GIBvFQ,マウスピース矯正インビザラインについて　岡山で歯並び矯正治療をお考えの方へ,https://www.youtube.com/watch?v=p4uP9GIBvFQ,,759.0,
M3XGZ6tvXgE,歯周病の予防について岡山の歯科医師が詳しく解説します,https://www.youtube.com/watch?v=M3XGZ6tvXgE,,415.0,
eJxDVZTE138,【オールオン４】歯がボロボロ・ガタガタな方が1日で歯を抜いてインプラントを入れて仮歯まで入るオールオン４とは？,https://www.youtube.com/watch?v=eJxDVZTE138,,758.0,
8SR-jvC5YHo,歯の定期検診　歯のクリーニングを受けて健康な毎日を！,https://www.youtube.com/watch?v=8SR-jvC5YHo,,965.0,
alS6B5N_P8E,週刊ダイヤモンド　後悔しない歯医者選び　岡山の歯科医師が解説します,https://www.youtube.com/watch?v=alS6B5N_P8E,,704.0,
xWMMo_n3HA4,なかの歯科・矯正歯科クリニックのここが悪いストレスを感じる６選！,https://www.youtube.com/watch?v=xWMMo_n3HA4,,475.0,
8SPMM_eanfs,歯周病　歯槽膿漏のおはなし　岡山の歯科医師が歯周病　歯槽膿漏について解説します,https://www.youtube.com/watch?v=8SPMM_eanfs,,486.0,
AdxIa7SCDAY,虫歯のおはなし　岡山の歯科医師が虫歯について解説します,https://www.youtube.com/watch?v=AdxIa7SCDAY,,403.0,
gwf2vX1A9IY,上の顎で骨が無い場合のインプラント治療について　岡山で多くの治療実績があります,https://www.youtube.com/watch?v=gwf2vX1A9IY,,399.0,
rKKDScnzLtc,【歯科定期検診】なぜ治療が終わった後定期的に歯医者さんに行かないといけないか？,https://www.youtube.com/watch?v=rKKDScnzLtc,,544.0,
MgP7Y8LDeqo,歯周病予防　歯周病は全身の健康にも悪い影響を及ぼします,https://www.youtube.com/watch?v=MgP7Y8LDeqo,,351.0,
JJnO3JSr4h4,歯科の往診【訪問歯科診療】を岡山市北区のなかの歯科・矯正歯科クリニックでは行っています,https://www.youtube.com/watch?v=JJnO3JSr4h4,,555.0,
4nKDJmJp4iY,歯の詰めもの　被せもの　保険で治す？自費で治す？　保険　自費のメリット・デメリットについて,https://www.youtube.com/watch?v=4nKDJmJp4iY,,452.0,
sv8rcIFnjLA,歯科衛生士のお仕事について　岡山のなかの歯科・矯正歯科クリニックでは歯科衛生士さんを大募集しています,https://www.youtube.com/watch?v=sv8rcIFnjLA,,509.0,
kIvBq9fufRw,歯周病と糖尿病　放置するとどうなる？　岡山の「なかの歯科・矯正歯科クリニック」お口の健康と全身の健康を守る歯周病治療に力を入れています,https://www.youtube.com/watch?v=kIvBq9fufRw,,457.0,
aA3Jl_1l6sg,歯とお口の定期検診　岡山のなかの歯科・矯正歯科クリニック　院長の中野浩輔がおススメ！,https://www.youtube.com/watch?v=aA3Jl_1l6sg,,471.0,
NF_CpWFJmgM,良い歯科医院選びのポイント,https://www.youtube.com/watch?v=NF_CpWFJmgM,,990.0,
fmzQop65MOE,【オールオン４】歯を失った時の治療法について,https://www.youtube.com/watch?v=fmzQop65MOE,,1390.0,
Cty6XYTlNzE,オールオン４　少数歯残存無歯顎症例の治療戦略について,https://www.youtube.com/watch?v=Cty6XYTlNzE,,560.0,
p89eFVhXU54,歯を抜いた後　何もしない治療法　あり？なし？岡山の歯医者が解説します,https://www.youtube.com/watch?v=p89eFVhXU54,,301.0,
EHJS8vx3UXA,痛かった歯が痛くなくなった人は注意！,https://www.youtube.com/watch?v=EHJS8vx3UXA,,254.0,
PmPoNzxzxqw,歯の定期検診の大切さ歯科衛生士さんに教えてもらいました,https://www.youtube.com/watch?v=PmPoNzxzxqw,,387.0,
Amv2xkL0N6s,オールオン４についての本を出版します,https://www.youtube.com/watch?v=Amv2xkL0N6s,,673.0,
ZHIgM5Wp_f8,セルフホワイトニングでトラブル急増！,https://www.youtube.com/watch?v=ZHIgM5Wp_f8,,497.0,
VtUbbsid8Qk,歯を白くする歯のホワイトニング　岡山の歯医者で受ける安心安全な医療ホワイトニング,https://www.youtube.com/watch?v=VtUbbsid8Qk,,611.0,
dwMKB-prQ0A,オールオン４最後の砦　歯がボロボログラグラでお悩みの方へ,https://www.youtube.com/watch?v=dwMKB-prQ0A,,367.0,
1TZXJFOga_g,オールオン４は全ての人に適しているか？,https://www.youtube.com/watch?v=1TZXJFOga_g,,498.0,
dHRk0DmPOLA,マウスピース矯正インビザライン　夏に増えています,https://www.youtube.com/watch?v=dHRk0DmPOLA,,801.0,
58Z10NPCH6w,オールオン4　最後の砦　歯がボロボロ　ガタガタでお困りの方へ,https://www.youtube.com/watch?v=58Z10NPCH6w,,448.0,
T4p5TDHdqjc,オールオン４の研修を受けるためポルトガルのリスボン　マロ・クリニックへ行きました,https://www.youtube.com/watch?v=T4p5TDHdqjc,,422.0,
ax4X_aHceSc,オールオン４を学ぶきっかけになったある女性のお話,https://www.youtube.com/watch?v=ax4X_aHceSc,,452.0,
hNM6ogpbobM,悪い歯医者に騙されない！,https://www.youtube.com/watch?v=hNM6ogpbobM,,587.0,
aKzA-ZF4ggI,夏場に多いマウスピース矯正インビザラインについて,https://www.youtube.com/watch?v=aKzA-ZF4ggI,,483.0,
4mrjI2XzSh4,夏本番！歯を白くするホームホワイトニングで輝く笑顔を,https://www.youtube.com/watch?v=4mrjI2XzSh4,,290.0,
b1xUA0_7jmg,【入れ歯】保険と自費の入れ歯　何が違うの？,https://www.youtube.com/watch?v=b1xUA0_7jmg,,429.0,
XqPMlUnE_kA,ホワイトニング　夏本番　輝く白い歯　岡山の歯医者で月々ワンコイン　５年間のホワイトニング　なかのメソッド,https://www.youtube.com/watch?v=XqPMlUnE_kA,,342.0,
yY_ywewv5qU,なかの歯科・矯正歯科クリニックの強み７選,https://www.youtube.com/watch?v=yY_ywewv5qU,,951.0,
2CvciKu1KOk,オールオン４　記憶に残る患者様３名について,https://www.youtube.com/watch?v=2CvciKu1KOk,,600.0,
1iK2XQ3Q1ow,【ホームホワイトニング】ご家庭で手軽にできるホワイトニングについて,https://www.youtube.com/watch?v=1iK2XQ3Q1ow,,152.0,
VOVQNwCWpdc,夏本番　歯を白くする歯のホワイトニング　岡山の「なかの歯科・矯正歯科クリニック」ではワンコインで５年間　歯のホワイトニングを受けることができます,https://www.youtube.com/watch?v=VOVQNwCWpdc,,203.0,
9ZBda6Fy2No,【インビザライン】透明なマウスピースで目立たないからこっそり歯並び矯正治療ができます,https://www.youtube.com/watch?v=9ZBda6Fy2No,,299.0,
GN75BQQxUFo,インプラント治療　歯を失った時の治療法について,https://www.youtube.com/watch?v=GN75BQQxUFo,,375.0,
APerZQhp3Tk,インビザライン　再スキャン　あり得ない！　歯科衛生士さんに質問！,https://www.youtube.com/watch?v=APerZQhp3Tk,,470.0,
kJu4_uQ8j3s,あなたの歯が割れる！歯根破折について,https://www.youtube.com/watch?v=kJu4_uQ8j3s,,765.0,
0cG2_yALRbY,院長の中野がおススメする歯とお口の定期検診,https://www.youtube.com/watch?v=0cG2_yALRbY,,374.0,
OBDKrmSRs28,歯周病を放置すると？　歯周病と糖尿病の関係について,https://www.youtube.com/watch?v=OBDKrmSRs28,,368.0,
h9s-5gBvE5A,オールオン4をしたいけど心配な方へ,https://www.youtube.com/watch?v=h9s-5gBvE5A,,741.0,
UHzEObt_4rw,なかの歯科・矯正歯科クリニックのアニメでわかる補てつ治療　歯の詰めもの・被せもの　保険で治す　自費で治す,https://www.youtube.com/watch?v=UHzEObt_4rw,,176.0,
3RvYllVSxik,お子さんの歯並び矯正　はじめるタイミングが大切です,https://www.youtube.com/watch?v=3RvYllVSxik,,496.0,
oforVBkpjYs,歯を抜く前に要チェック！歯抜いた後に歯が痛くなるNG行動４選,https://www.youtube.com/watch?v=oforVBkpjYs,,523.0,
WfDNY7TINQI,歯の詰めもの・被せもの　保険で治す？自費で治す？,https://www.youtube.com/watch?v=WfDNY7TINQI,,545.0,
Sd6m9W7R2lQ,顎変形症　外科矯正について　インフルエンサー 岡山の美帆さんにインタビュー,https://www.youtube.com/watch?v=Sd6m9W7R2lQ,,2616.0,
UO2Rm7LNFmk,なかの歯科・矯正歯科クリニックのアニメでわかる歯科定期健診,https://www.youtube.com/watch?v=UO2Rm7LNFmk,,107.0,
dJwDHtgAjtw,入れ歯　保険の入れ歯と自費の入れ歯　どちらを選べばいいの？,https://www.youtube.com/watch?v=dJwDHtgAjtw,,543.0,
uj1n2pEAYXM,私たちが歯を失う一番の理由　歯周病を防ぐために,https://www.youtube.com/watch?v=uj1n2pEAYXM,,928.0,
BVixVoFWuNY,なかの歯科・矯正歯科クリニックの医院理念クレドについて,https://www.youtube.com/watch?v=BVixVoFWuNY,,573.0,
lCW1iHaFz6s,ザイゴマインプラントを岡山で受けるなら「なかの歯科・矯正歯科クリニック」,https://www.youtube.com/watch?v=lCW1iHaFz6s,,368.0,
7xFC3AcvYys,インプラント治療の基本１０回シリーズ６回目　岡山のなかの歯科・矯正歯科クリニック　インプラント治療の失敗例とその原因,https://www.youtube.com/watch?v=7xFC3AcvYys,,547.0,
_T30O7iYibo,私たちが歯を失う一番の理由　歯周病を防ぐためには？,https://www.youtube.com/watch?v=_T30O7iYibo,,406.0,
4U1ZlnG58EA,あなたの歯が割れるリスクが！抜歯になる可能性が高い歯根破折について,https://www.youtube.com/watch?v=4U1ZlnG58EA,,386.0,
RK2DY2HitdY,５０代以上の方必見！「本当は怖いアマルガム」奥歯の詰め物をチェックしましょう　岡山の歯科医師がお話します,https://www.youtube.com/watch?v=RK2DY2HitdY,,247.0,
BfQGb4m8-Mw,マウスピース矯正　インビザラインについて,https://www.youtube.com/watch?v=BfQGb4m8-Mw,,564.0,
RPU0AjApTFY,オールオン4で変わる笑顔！歯科インプラント治療の全て,https://www.youtube.com/watch?v=RPU0AjApTFY,,427.0,
CgO_S7Q_ZKM,痛みのない歯科治療　岡山のなかの歯科・矯正歯科クリニックでは痛みに配慮した歯科治療を行っています,https://www.youtube.com/watch?v=CgO_S7Q_ZKM,,485.0,
Ii-BXaTw3Zw,歯科の保険が6月から大きく変わります　2024年診療報酬改定のメリットについて,https://www.youtube.com/watch?v=Ii-BXaTw3Zw,,790.0,
QwHjN8Y_H0w,良い歯科医院を選ぶ5つのポイント,https://www.youtube.com/watch?v=QwHjN8Y_H0w,,693.0,
u_zZkkwnpQE,恐くないインプラント怖くないオールオン４のための静脈内鎮静法セデーションについて,https://www.youtube.com/watch?v=u_zZkkwnpQE,,501.0,
3rMILbMDRZY,インプラント治療の基本１０回シリーズ５回目　岡山のなかの歯科・矯正歯科クリニックのインプラント治療の最新技術　痛みを最小限に！,https://www.youtube.com/watch?v=3rMILbMDRZY,,315.0,
pvxMeBseJDw,最新の口腔内スキャナー「iTero Lumina」を岡山県で一番に導入しました,https://www.youtube.com/watch?v=pvxMeBseJDw,,202.0,
wSvdnp5j34A,インビザライン　やらなきゃよかった？　インビザラインを始めて不安！,https://www.youtube.com/watch?v=wSvdnp5j34A,,631.0,
ZQ1ZMrUgLco,若い歯科医師の研修方法　模型実習について,https://www.youtube.com/watch?v=ZQ1ZMrUgLco,,331.0,
QZWjtjwVkps,口臭ケア対策　９０％の人が間違っている口臭ケアについて日本口臭学会会員がお伝えします,https://www.youtube.com/watch?v=QZWjtjwVkps,,427.0,
YupedFLalwM,盛り過ぎ歯医者に気を付けろ！岡山で安心安全な歯科医院選びのポイントは？,https://www.youtube.com/watch?v=YupedFLalwM,,703.0,
VZtdcCzZkbA,インプラント治療の基本１０回シリーズ④　岡山のなかの歯科・矯正歯科クリニックのインプラント治療のリスクと対策,https://www.youtube.com/watch?v=VZtdcCzZkbA,,432.0,
MXaIK8-KWH8,むし歯治療と歯周病治療について,https://www.youtube.com/watch?v=MXaIK8-KWH8,,389.0,
SDOFwurRvak,ホワイトニング歯磨き粉の闇　本当に白くなるの？,https://www.youtube.com/watch?v=SDOFwurRvak,,677.0,
5Dc_wy-_os4,オールオン４　歯がボロボロ　グラグラでお困りの方へおすすめの治療法です,https://www.youtube.com/watch?v=5Dc_wy-_os4,,591.0,
wLeoZyjj8eA,若い歯科医師の研修方法　DRマニュアルについて,https://www.youtube.com/watch?v=wLeoZyjj8eA,,522.0,
70cwY48Ocrc,良い歯医者の選び方,https://www.youtube.com/watch?v=70cwY48Ocrc,,1115.0,
k3eCmxV7W1Y,【お口ぽかん】NHKの所さん！事件ですよにコメンテーターとして出演した岡山の歯科医師が「お口ぽかん」について詳しく解説します,https://www.youtube.com/watch?v=k3eCmxV7W1Y,,570.0,
cQcb6OicxDo,【入れ歯銀行】NHKの所さん！事件ですよにコメンテーターとして出演した岡山の歯科医師が入れ歯銀行について詳しく解説します,https://www.youtube.com/watch?v=cQcb6OicxDo,,250.0,
QEPRtUHsQ3w,【歯髄再生治療】NHKの所さん！事件ですよにコメンテーターとして出演した岡山の歯科医師が歯髄再生治療について詳しく解説します,https://www.youtube.com/watch?v=QEPRtUHsQ3w,,412.0,
XWM1Z9kUVVA,インプラントVSブリッジ　あなたはどちらを選びますか？　岡山で歯が抜けたときの治療法　歯科医院選びについて,https://www.youtube.com/watch?v=XWM1Z9kUVVA,,363.0,
sMV8ClCBCBI,NHK「所さん！事件ですよ」に岡山のなかの歯科・矯正歯科クリニック　中野浩輔院長が出演します,https://www.youtube.com/watch?v=sMV8ClCBCBI,,538.0,
90rY77SL0I4,盛り過ぎ歯医者に気を付けろ！岡山で安心安全な歯科医院選びのポイントをお伝えします,https://www.youtube.com/watch?v=90rY77SL0I4,,552.0,
Px4CYk-fibA,岡山大学歯学部の学生さんが見学に！　働きやすい歯科医院づくりのために,https://www.youtube.com/watch?v=Px4CYk-fibA,,1159.0,
ui_CYdtf3eg,大型歯科医院VS小さい歯科医院　あなたはどっちを選びますか？　メリット・デメリットについてお話します,https://www.youtube.com/watch?v=ui_CYdtf3eg,,489.0,
RdPFtsF9l1I,本当はすごーく怖い歯周病 歯槽膿漏のおはなし　岡山のなかの歯科・矯正歯科クリニックでは歯周病 歯槽膿漏の治療を行っています,https://www.youtube.com/watch?v=RdPFtsF9l1I,,552.0,
xHPPJP8jfzE,ホワイトニング歯みがき粉の闇,https://www.youtube.com/watch?v=xHPPJP8jfzE,,511.0,
NOcpni1lpQY,インプラント治療の基本１０回シリーズ③　岡山のなかの歯科・矯正歯科クリニックのインプラント治療のアフターケア長持ちさせるポイント,https://www.youtube.com/watch?v=NOcpni1lpQY,,416.0,
P0NWL9b-QtM,若い歯科医師の研修方法　バディ制度について　岡山のなかの歯科・矯正歯科クリニックは安心して働ける歯科医師研修制度があります,https://www.youtube.com/watch?v=P0NWL9b-QtM,,557.0,
qJpYK79uB1s,歯周病（歯槽膿漏）本当はすごーく怖い 岡山の歯医者で歯周病の治療を受けるなら「なかの歯科・矯正歯科クリニック」,https://www.youtube.com/watch?v=qJpYK79uB1s,,592.0,
-dSOZbVeTt0,インプラント失敗５選　失敗しないためのインプラント歯科医選び,https://www.youtube.com/watch?v=-dSOZbVeTt0,,451.0,
gY-MtbMfff0,チャンネル登録者１万名突破とNHKの「所さん！事件ですよ」に出演が決定しました,https://www.youtube.com/watch?v=gY-MtbMfff0,,242.0,
sphPtaSdwhg,歯医者　痛い　怖い！　岡山で痛みに配慮した歯科治療をしています,https://www.youtube.com/watch?v=sphPtaSdwhg,,530.0,
kc1FB18kIfw,歯科医師国家試験合格のヒント　現役歯科医師が合格の秘訣についてお話します,https://www.youtube.com/watch?v=kc1FB18kIfw,,432.0,
FogTiXGFvAc,インプラント無料相談を岡山市北区の「なかの歯科・矯正歯科クリニック」で行っています,https://www.youtube.com/watch?v=FogTiXGFvAc,,260.0,
QVju8YG2GkI,歯並び矯正治療の無料相談を岡山市北区の「なかの歯科・矯正歯科クリニック」で行っています,https://www.youtube.com/watch?v=QVju8YG2GkI,,453.0,
WWJusr_DvQw,インプラント治療の基本１０回シリーズ②　岡山のなかの歯科・矯正歯科クリニックのインプラント治療の費用　知っておきたい料金の内訳,https://www.youtube.com/watch?v=WWJusr_DvQw,,615.0,
HHWTEOSUQLI,歯医者で小顔？ボトックス治療を岡山の歯医者で受けることができます,https://www.youtube.com/watch?v=HHWTEOSUQLI,,433.0,
S8fdKUPWd54,インプラント入れ歯ってインプラント？入れ歯？どっち？　岡山で出来るインプラント入れ歯について,https://www.youtube.com/watch?v=S8fdKUPWd54,,239.0,
DuydeeUS4Kg,難関　歯科医師国家試験を受けて,https://www.youtube.com/watch?v=DuydeeUS4Kg,,562.0,
6oLWudRgr2s,オールオン４　ザイゴマインプラントの勉強のためメルボルンに行ってきました　岡山でザイゴマインプラントを始めます,https://www.youtube.com/watch?v=6oLWudRgr2s,,589.0,
pa5-lZyt4qY,インプラント治療の基本１０回シリーズ①　岡山のなかの歯科・矯正歯科クリニックの基本治療法につて,https://www.youtube.com/watch?v=pa5-lZyt4qY,,649.0,
XKTXK8r8HEk,実験シリーズ　いろんな飲み物に歯を漬けてみよう　第二弾,https://www.youtube.com/watch?v=XKTXK8r8HEk,,416.0,
dDDdERpJSdk,歯科医師の年収ぶっちゃけます第二弾,https://www.youtube.com/watch?v=dDDdERpJSdk,,429.0,
ZEcs81zdiiA,歯医者で小顔？　ボトックス治療を岡山で受けるならなかの歯科・矯正歯科クリニックへ,https://www.youtube.com/watch?v=ZEcs81zdiiA,,324.0,
L4oP0ooaPU0,インビザライン　始めました！ずっと気になってた歯並びを岡山の歯医者さんで治してもらいます,https://www.youtube.com/watch?v=L4oP0ooaPU0,,787.0,
mzP6Vb6rR_A,毎日使っている人は要注意！　マウスウォッシュの真実,https://www.youtube.com/watch?v=mzP6Vb6rR_A,,208.0,
Q0oiYEr_2ao,若い歯科医師の研修方法について　岡山市の「なかの歯科・矯正歯科クリニック」独自の研修,https://www.youtube.com/watch?v=Q0oiYEr_2ao,,917.0,
NOq7R4RVi9k,オールオン4　ザイゴマインプラントの勉強ため岡山からオーストラリアのメルボルンに行ってきました,https://www.youtube.com/watch?v=NOq7R4RVi9k,,376.0,
tzk9sWodpzg,歯を抜いた後の痛みを取る方法について岡山の歯科医師が解説します,https://www.youtube.com/watch?v=tzk9sWodpzg,,187.0,
y3FH217YHmA,歯を抜いた後　痛くなる！NG行動4選　岡山の歯科医師が痛くならない秘訣を教えます,https://www.youtube.com/watch?v=y3FH217YHmA,,332.0,
0LhbkjKVFEQ,歯を抜いた後に口が臭くなるって本当？ 岡山の歯科医師が対処法をお話します,https://www.youtube.com/watch?v=0LhbkjKVFEQ,,212.0,
ixWzwTf1uJ8,子どもの歯並び矯正治療　マウスピース矯正　インビザライン・ファーストを岡山で受けるなら,https://www.youtube.com/watch?v=ixWzwTf1uJ8,,562.0,
4UUxs_MFjOU,若い歯科医師の研修方法　岡山市北区の【なかの歯科・矯正歯科クリニック】,https://www.youtube.com/watch?v=4UUxs_MFjOU,,468.0,
RNAT4H8g_ec,オールオン4　今年の目標,https://www.youtube.com/watch?v=RNAT4H8g_ec,,455.0,
vqyVhrHPp0E,2023年　ありがとう　院長よりスタッフへ　岡山　なかの歯科・矯正歯科クリニック,https://www.youtube.com/watch?v=vqyVhrHPp0E,,286.0,
fRh6jKc55-M,インビザライン矯正が下手な歯医者の見分け方,https://www.youtube.com/watch?v=fRh6jKc55-M,,411.0,
mePrnQYJPVs,災害時の命を守る口腔ケアについて,https://www.youtube.com/watch?v=mePrnQYJPVs,,415.0,
kYOAOvfC7EY,１５年前の「なかの歯科」,https://www.youtube.com/watch?v=kYOAOvfC7EY,,397.0,
Q1WH51kkXEs,ここ数年増えてきたオールオン4について,https://www.youtube.com/watch?v=Q1WH51kkXEs,,297.0,
-rlcTAtu7Vw,社会人になってから矯正をする人が多い理由,https://www.youtube.com/watch?v=-rlcTAtu7Vw,,289.0,
HA5DN8AqEiQ,LINE歯科無料相談受付中　歯でお困りの方　お気軽にご相談ください,https://www.youtube.com/watch?v=HA5DN8AqEiQ,,225.0,
BPA1fo3Wako,お子さんの歯並びでお悩みの方へ　綺麗な歯並びをプレゼントしませんか？,https://www.youtube.com/watch?v=BPA1fo3Wako,,300.0,
JxL1q2KkCO0,なかの歯科・矯正歯科クリニック　院長　中野浩輔　新年のご挨拶,https://www.youtube.com/watch?v=JxL1q2KkCO0,,314.0,
wWgX0AHVcao,簡単に歯のレントゲン写真が読めるようになる,https://www.youtube.com/watch?v=wWgX0AHVcao,,296.0,
ZG1XnoGwr0k,歯を抜いた時の治療法で迷っているあなたへ,https://www.youtube.com/watch?v=ZG1XnoGwr0k,,279.0,
B5jevVPM8Aw,いい歯医者をつくりましょう,https://www.youtube.com/watch?v=B5jevVPM8Aw,,365.0,
AOw5A04CjXA,美しい人生を生きる　還暦を迎えた歯科医師中野浩輔の想い,https://www.youtube.com/watch?v=AOw5A04CjXA,,344.0,
W7vlb9NNky0,マウスピース矯正インビザラインの加速治療とは？,https://www.youtube.com/watch?v=W7vlb9NNky0,,275.0,
OBwnLqpdkKI,歯を傷めない歯のホワイトニング,https://www.youtube.com/watch?v=OBwnLqpdkKI,,245.0,
E17ajA0QkII,歯の根管治療とは？,https://www.youtube.com/watch?v=E17ajA0QkII,,344.0,
Cs0UEcRO3wU,歯を失ったときの治療法　入れ歯　ブリッジ　インプラント　最適な治療法をご提案させていただきます,https://www.youtube.com/watch?v=Cs0UEcRO3wU,,312.0,
qqo7oT7x2nM,9割の人が知らないデンタルフロスの正しい使い方　フロスで虫歯　歯周病　口臭予防を！,https://www.youtube.com/watch?v=qqo7oT7x2nM,,264.0,
nFt9WcLuFk8,オールオン4とインプラントの違いについて,https://www.youtube.com/watch?v=nFt9WcLuFk8,,1246.0,
lzMD0t9YFmg,オールオン4のトラブル失敗は？,https://www.youtube.com/watch?v=lzMD0t9YFmg,,559.0,
PNXaMMAXzh8,【インプラント】やらなきゃよかったと後悔しないために,https://www.youtube.com/watch?v=PNXaMMAXzh8,,954.0,
j_b0EAVjtVo,オールオン4とインビザライン,https://www.youtube.com/watch?v=j_b0EAVjtVo,,479.0,
sJhS1LqKBz8,実験シリーズ　いろんな飲み物に歯を浸けてみよう,https://www.youtube.com/watch?v=sJhS1LqKBz8,,793.0,
nTNBYej_yBY,痛くない歯医者の麻酔テクニックについて,https://www.youtube.com/watch?v=nTNBYej_yBY,,229.0,
y8NjuuMzVc4,オールオン4　上の歯（上部構造）について,https://www.youtube.com/watch?v=y8NjuuMzVc4,,294.0,
B7dcG5HGRdE,歯磨き粉のフッ素とは？,https://www.youtube.com/watch?v=B7dcG5HGRdE,,219.0,
TOoZshYmlh8,歯に良い食べ物悪い食べ物,https://www.youtube.com/watch?v=TOoZshYmlh8,,367.0,
u4y1a-eAiU4,削らない虫歯治療　ヒールオゾン治療　ドックベストセメント　カリソルブ治療について,https://www.youtube.com/watch?v=u4y1a-eAiU4,,383.0,
0D0XjYsZN-E,インプラント治療費は高い？ 大予言！,https://www.youtube.com/watch?v=0D0XjYsZN-E,,567.0,
pw4DflgvONo,【緊急提言】格安マウスピース矯正は危険,https://www.youtube.com/watch?v=pw4DflgvONo,,581.0,
BC3unCFLosE,オールオン４とインプラントの違いは？,https://www.youtube.com/watch?v=BC3unCFLosE,,1705.0,
pbttGSJ8fIs,インプラント治療　やらなきゃよかったと後悔しないために,https://www.youtube.com/watch?v=pbttGSJ8fIs,,583.0,
VMfpKDDW-Fs,インプラント治療は価格が高い？,https://www.youtube.com/watch?v=VMfpKDDW-Fs,,638.0,
qECH-NTa6Pw,静脈内鎮静法　セデーションについて,https://www.youtube.com/watch?v=qECH-NTa6Pw,,499.0,
eyz30UWSJIs,安心安全なインプラント治療について,https://www.youtube.com/watch?v=eyz30UWSJIs,,329.0,
XgYw3aygdrI,高品質な補綴治療　詰め物　かぶぜ物について,https://www.youtube.com/watch?v=XgYw3aygdrI,,351.0,
bnT17o2dJw4,失敗しないインプラント歯科医選び,https://www.youtube.com/watch?v=bnT17o2dJw4,,387.0,
rVzAUFDw4d4,歯科衛生士さん大募集　岡山「なかの歯科・矯正歯科クリニック」,https://www.youtube.com/watch?v=rVzAUFDw4d4,,525.0,
wzHSisLHuDU,歯を失ったときの治療法,https://www.youtube.com/watch?v=wzHSisLHuDU,,421.0,
zQq0DtCd038,夜寝るとき入れ歯は外す？外さない？,https://www.youtube.com/watch?v=zQq0DtCd038,,298.0,
xIqhCPC9YM8,岡山の歯科医院がお勧めするCADCAM冠とは？,https://www.youtube.com/watch?v=xIqhCPC9YM8,,149.0,
vvhcMT29pAA,中々聞けない歯のデンタルローンについて,https://www.youtube.com/watch?v=vvhcMT29pAA,,216.0,
WaeRX9nz57g,歯科医院でのカウンセリングについて,https://www.youtube.com/watch?v=WaeRX9nz57g,,315.0,
HzbN5ccKsdA,デュアルホワイトニング　白い歯で輝く笑顔を！,https://www.youtube.com/watch?v=HzbN5ccKsdA,,217.0,
Rcc_iO6mdOU,オールオン４こんな方は失敗する4選,https://www.youtube.com/watch?v=Rcc_iO6mdOU,,525.0,
9DBj2fy4mAE,緊急提言！格安マウスピース矯正は危険,https://www.youtube.com/watch?v=9DBj2fy4mAE,,646.0,
oDuZsDbLp6Y,オールオンフォー治療　リアルな一日をご紹介,https://www.youtube.com/watch?v=oDuZsDbLp6Y,,580.0,
wYY8JMmsudY,インプラントVSブリッジ　歯を失った時の治療法について,https://www.youtube.com/watch?v=wYY8JMmsudY,,401.0,
gDC5wNTWi0I,ホワイトニング　清潔感あふれる白い歯を！,https://www.youtube.com/watch?v=gDC5wNTWi0I,,321.0,
iTun8207HmA,オールオンフォー　ザイゴマインプラントについて,https://www.youtube.com/watch?v=iTun8207HmA,,344.0,
x8gfFYcY6aw,チャンネル登録者9000名　ありがとうございます,https://www.youtube.com/watch?v=x8gfFYcY6aw,,79.0,
4A50ldmBHdE,若返り美容医療３選！60歳の歯科医師が受けて良かった美容医療,https://www.youtube.com/watch?v=4A50ldmBHdE,,696.0,
54LWefHHAUA,歯周病定期検診から歯周病継続管理へ,https://www.youtube.com/watch?v=54LWefHHAUA,,268.0,
ZKDLrfjgJ5g,マスコミが注目！岡山の歯医者　テレビ　ラジオに出演,https://www.youtube.com/watch?v=ZKDLrfjgJ5g,,417.0,
T__85QEDhe4,アレルギーもしかして銀歯が原因では？,https://www.youtube.com/watch?v=T__85QEDhe4,,306.0,
hzxU2_Amvv0,こんな患者さんは歯科医院で嫌われる,https://www.youtube.com/watch?v=hzxU2_Amvv0,,697.0,
nSO9E9tm3GY,【子供のマウスピース矯正】インビザライン・ファーストとは？,https://www.youtube.com/watch?v=nSO9E9tm3GY,,593.0,
XtVC9Oq5Cus,ガミースマイル　笑うと唇が上がり歯ぐきが大きく見えてしまう方,https://www.youtube.com/watch?v=XtVC9Oq5Cus,,298.0,
QUBp3qdKV_A,【インプラント】早い、安い、上手い、上顎のインプラントとは？,https://www.youtube.com/watch?v=QUBp3qdKV_A,,458.0,
Vk8MqZCPqAc,こんな患者さんは歯医者で嫌われる！,https://www.youtube.com/watch?v=Vk8MqZCPqAc,,785.0,
aiuLzJ_70aY,歯科金属アレルギーとは,https://www.youtube.com/watch?v=aiuLzJ_70aY,,350.0,
Ruz07j2r0WE,60歳の歯医者の私が自分で受けて結果が出た若返りの美容治療3選,https://www.youtube.com/watch?v=Ruz07j2r0WE,,344.0,
rlqT-60bBNs,【インビザラインで失敗する人】〇〇できない人は110万円と数年間を無駄にする可能性があります,https://www.youtube.com/watch?v=rlqT-60bBNs,,442.0,
sHTyNpYwejs,なかの歯科・矯正歯科クリニックの歴史,https://www.youtube.com/watch?v=sHTyNpYwejs,,434.0,
wtnN8caPw7Y,ノンクラスプデンチャー　針金がない入れ歯について,https://www.youtube.com/watch?v=wtnN8caPw7Y,,234.0,
TSSecebySMc,自宅や施設に訪問する歯科の訪問診療について,https://www.youtube.com/watch?v=TSSecebySMc,,337.0,
-W2EaUuocyA,【オールオン４】すべての歯を失った方でも４本から６本のインプラントを入れて一日で仮の歯が入る治療法について,https://www.youtube.com/watch?v=-W2EaUuocyA,,574.0,
7RAOjYyctfQ,インビザライン マウスピースを使った矯正について,https://www.youtube.com/watch?v=7RAOjYyctfQ,,228.0,
2xbPgAfiuRg,インビザライン矯正が下手な歯医者の見分け方3選,https://www.youtube.com/watch?v=2xbPgAfiuRg,,641.0,
8UwySbDsqgE,からだに優しいインプラント治療について,https://www.youtube.com/watch?v=8UwySbDsqgE,,211.0,
NWv-VGrNKQ8,健康寿命を伸ばす歯科定期健診について,https://www.youtube.com/watch?v=NWv-VGrNKQ8,,120.0,
Zb5z5zweQGI,歯の詰めもの被せもの　保険で治す　自費で治す,https://www.youtube.com/watch?v=Zb5z5zweQGI,,190.0,
ewOvnhT7QSM,子どもの矯正　はじめるタイミングが大事,https://www.youtube.com/watch?v=ewOvnhT7QSM,,231.0,
qbWkx_c5zPA,総入れ歯　歯医者業界の闇について,https://www.youtube.com/watch?v=qbWkx_c5zPA,,555.0,
BZ7bF_ocoVE,失敗しないインプラント歯科医選び,https://www.youtube.com/watch?v=BZ7bF_ocoVE,,536.0,
KCCaxtHTcZg,オールオン4　歯がボロボロ　グラグラでお困りの方へ,https://www.youtube.com/watch?v=KCCaxtHTcZg,,806.0,
23S5kXn1EgQ,なかの歯科・矯正歯科クリニックに就職を考えている歯科衛生士の方へ,https://www.youtube.com/watch?v=23S5kXn1EgQ,,567.0,
QzIi4f2Bj70,なかの歯科・矯正歯科クリニックに就職を考えている歯科医師の方へ,https://www.youtube.com/watch?v=QzIi4f2Bj70,,560.0,
T-IexArtgBM,銀歯とセラミックの違いについて,https://www.youtube.com/watch?v=T-IexArtgBM,,340.0,
JLihdEi55go,なかの歯科・矯正歯科クリニックの歴史,https://www.youtube.com/watch?v=JLihdEi55go,,1073.0,
R2YqxNSidI0,これだけは止めて歯医者での無断予約キャンセル,https://www.youtube.com/watch?v=R2YqxNSidI0,,730.0,
4FQVuTJVvLs,歯がボロボロ ガタガタの方が受けるオールオン４について,https://www.youtube.com/watch?v=4FQVuTJVvLs,,454.0,
8gorQoy2zAw,マイナス５歳の歯並びを手に入れるために,https://www.youtube.com/watch?v=8gorQoy2zAw,,376.0,
wakGHcJoDD4,歯の黄ばみを瞬時に消す裏ワザ,https://www.youtube.com/watch?v=wakGHcJoDD4,,332.0,
vkMmE2OaasU,虫歯予防に効果絶大な自宅ケア法は？　ChatGPTに聞いてみました,https://www.youtube.com/watch?v=vkMmE2OaasU,,406.0,
xg5S3bh25Qg,ホワイトニングキャンペーン　期間限定で９９００円（税込み）驚きの価格　自宅で出来るホームホワイトニングです,https://www.youtube.com/watch?v=xg5S3bh25Qg,,420.0,
jo-udIQNKLI,オールオン4を徹底解説します,https://www.youtube.com/watch?v=jo-udIQNKLI,,689.0,
jNVhAoPvY6M,歯医者の保険治療と自費治療の違い,https://www.youtube.com/watch?v=jNVhAoPvY6M,,370.0,
BNZkfyIvIFU,歯の治療を中断すると,https://www.youtube.com/watch?v=BNZkfyIvIFU,,380.0,
nwAy-vml200,ハリウッドスマイルを手に入れるために必要なことを歯科医師が解説します,https://www.youtube.com/watch?v=nwAy-vml200,,407.0,
HjgMQS3G8LU,歯周病 と糖尿病の関係,https://www.youtube.com/watch?v=HjgMQS3G8LU,,353.0,
5aF4YvhJk4w,歯科医師が教える歯と身体の健康のお話,https://www.youtube.com/watch?v=5aF4YvhJk4w,,409.0,
B8asFZbr0SI,すべての歯を一日で抜いて４本から６本のインプラントをその日に入れて固定式の仮歯を入れるオールオン4について,https://www.youtube.com/watch?v=B8asFZbr0SI,,444.0,
QR-FnR7Rs9Q,歯医者さんでの治療を中断している方へ,https://www.youtube.com/watch?v=QR-FnR7Rs9Q,,374.0,
kBFDFTMCquA,歯科衛生士さんってどんな仕事？,https://www.youtube.com/watch?v=kBFDFTMCquA,,353.0,
MvTsfR4lLSU,歯医者の秘密を大公開　歯磨きの後に食べると良い食べ物は？,https://www.youtube.com/watch?v=MvTsfR4lLSU,,244.0,
jGNvkcaO1DI,幸せの３原則　院長　中野浩輔の成功の４原則　幸せ　成功への道,https://www.youtube.com/watch?v=jGNvkcaO1DI,,990.0,
UeYz7czyrPw,ノンクラスプデンチャーとラミネートベニアの症例をご紹介します,https://www.youtube.com/watch?v=UeYz7czyrPw,,197.0,
CabOPCmMJsQ,歯の治療　保険で治す？　自費で治す？　あなたに最適な治療法をご提案します,https://www.youtube.com/watch?v=CabOPCmMJsQ,,497.0,
f1pGkTvLz88,こっそり矯正　インビザライン　目立たない歯並び矯正で素敵な笑顔を！,https://www.youtube.com/watch?v=f1pGkTvLz88,,519.0,
6fAQWrTdaBk,健康寿命を延ばす歯の定期検診,https://www.youtube.com/watch?v=6fAQWrTdaBk,,363.0,
jludL_3_66M,歯医者さんの往診　歯科訪問診療,https://www.youtube.com/watch?v=jludL_3_66M,,387.0,
_l9ZjpS_QV8,子供を歯学部　歯科大学に入れますか？,https://www.youtube.com/watch?v=_l9ZjpS_QV8,,746.0,
5L2ZMdM9_xg,オールオン4よくある質問,https://www.youtube.com/watch?v=5L2ZMdM9_xg,,646.0,
tduaIeB7goM,子供のインビザライン　インビザライン・ファーストについて,https://www.youtube.com/watch?v=tduaIeB7goM,,420.0,
dHuoi3IzM5g,セラミック矯正で輝く笑顔,https://www.youtube.com/watch?v=dHuoi3IzM5g,,450.0,
GO4RyB9kgqI,体に優しいインプラント治療,https://www.youtube.com/watch?v=GO4RyB9kgqI,,653.0,
gE3Dac2ytUQ,親知らず　抜いた方がいいの？　抜かなくていいの？,https://www.youtube.com/watch?v=gE3Dac2ytUQ,,581.0,
oh0QIQBQs0w,なかの歯科チャンネル　チャンネル登録者数8000名を超えました,https://www.youtube.com/watch?v=oh0QIQBQs0w,,294.0,
aoLHFAbW-68,インビザライン治療を実際に受けている方にインタビュー　インビザラインって本当はどうなの？,https://www.youtube.com/watch?v=aoLHFAbW-68,,749.0,
t-tuiUuRiw4,金属アレルギーが心配な方へ,https://www.youtube.com/watch?v=t-tuiUuRiw4,,231.0,
WjnNHgNaHt4,オールオン4って何？,https://www.youtube.com/watch?v=WjnNHgNaHt4,,450.0,
xoBFiNNlbeQ,金属アレルギー　銀歯が原因かも？　まずは歯科医院で相談を！,https://www.youtube.com/watch?v=xoBFiNNlbeQ,,206.0,
3yFy9liZRnk,歯のかみ合わせの調整について,https://www.youtube.com/watch?v=3yFy9liZRnk,,233.0,
2vFeWgCzF7A,マスクの下のあなたの顔　凝っていませんか？,https://www.youtube.com/watch?v=2vFeWgCzF7A,,302.0,
xeRxA5beNUM,歯科医院　患者様アンケート調査　結果発表！,https://www.youtube.com/watch?v=xeRxA5beNUM,,360.0,
y93w04uFyzo,危険！あなたの寿命を短くする歯磨き粉,https://www.youtube.com/watch?v=y93w04uFyzo,,484.0,
roq_Bz58drA,子供の歯の矯正　いつからはじめる？　タイミングが大切！,https://www.youtube.com/watch?v=roq_Bz58drA,,1031.0,
NwhIIRHkYgo,ガミースマイル　笑うと上の唇が上がり歯ぐきが大きく見えてしまう方,https://www.youtube.com/watch?v=NwhIIRHkYgo,,281.0,
y1vE1ggBgR8,タイのバンコクの歯科医院,https://www.youtube.com/watch?v=y1vE1ggBgR8,,510.0,
wT9MjCg6EXQ,歯に出来た白い斑点は何？ホワイトスポット,https://www.youtube.com/watch?v=wT9MjCg6EXQ,,297.0,
sgfrRp6alrg,口ゴボ治して横顔美人 歯科医院で受ける口ゴボの治療について,https://www.youtube.com/watch?v=sgfrRp6alrg,,259.0,
FAFyio1j-4o,ホワイトニングで歯を白く！歯科医院で受ける歯のホワイトニング,https://www.youtube.com/watch?v=FAFyio1j-4o,,848.0,
26CiIBnGG98,インプラント事情　歯を失った時の治療法の一つ　インプラント治療について,https://www.youtube.com/watch?v=26CiIBnGG98,,346.0,
RF2jlSa2idw,むし歯を100％防ぐ プラークコントロール,https://www.youtube.com/watch?v=RF2jlSa2idw,,269.0,
sm3k9TlDaCE,美人になる歯科治療３選,https://www.youtube.com/watch?v=sm3k9TlDaCE,,781.0,
c6TTYglepmc,すきっ歯の歯科治療について,https://www.youtube.com/watch?v=c6TTYglepmc,,368.0,
aN-YuHoesVc,なかの歯科・矯正歯科クリニック　初めて来院される患者様の検査についてのご案内,https://www.youtube.com/watch?v=aN-YuHoesVc,,406.0,
T4qmgapwioQ,なかの歯科・矯正歯科クリニックの新人スタッフをご紹介します,https://www.youtube.com/watch?v=T4qmgapwioQ,,315.0,
YUYcgb7iLek,オールオン４　よくある質問「どんな方がオールオン4を受けるの？」にお答えします,https://www.youtube.com/watch?v=YUYcgb7iLek,,431.0,
E1EgkhZuwQA,マウスピースで部分矯正　笑顔輝く素敵な人生を！,https://www.youtube.com/watch?v=E1EgkhZuwQA,,295.0,
5nr1OR11HW8,銀歯の寿命はどのくらい？　銀歯の寿命を延ばすには？,https://www.youtube.com/watch?v=5nr1OR11HW8,,354.0,
qjZfFzBnQBA,美人になる歯科治療３選　マスク生活の終息？多くの患者さまが美を意識されて来院されています,https://www.youtube.com/watch?v=qjZfFzBnQBA,,479.0,
MTaZ6ucbhGY,セラミック矯正のメリット・デメリットについて,https://www.youtube.com/watch?v=MTaZ6ucbhGY,,1170.0,
XwgD1lrN_V0,マウスピース矯正インビザライン３つの欠点,https://www.youtube.com/watch?v=XwgD1lrN_V0,,588.0,
Kqh9vx_2SbE,マウスピース矯正インビザラインには種類があります,https://www.youtube.com/watch?v=Kqh9vx_2SbE,,390.0,
rMHQ-RzyVhg,院長の中野浩輔が本を出版？　出版のすすめ,https://www.youtube.com/watch?v=rMHQ-RzyVhg,,868.0,
gUS1LODzpmI,オールオン4に必要な診査診断　事前の検査について,https://www.youtube.com/watch?v=gUS1LODzpmI,,402.0,
FxT1sjDsT14,院長がJAPAN　MENSA（メンサ）の会員になりました　なかの歯科・矯正歯科クリニック,https://www.youtube.com/watch?v=FxT1sjDsT14,,560.0,
dM5qQg3_G6I,オールオン４　歯がグラグラ　ボロボロでお困りの方へ,https://www.youtube.com/watch?v=dM5qQg3_G6I,,557.0,
84rhBmE4_C4,なかの歯科・矯正歯科クリニックの新人スタッフをご紹介します,https://www.youtube.com/watch?v=84rhBmE4_C4,,310.0,
TKujPPjTC5A,歯周病について　岡山の歯科で丁寧な説明を心掛けています,https://www.youtube.com/watch?v=TKujPPjTC5A,,303.0,
5Gcg2r28K74,最近話題のセラミック矯正　なるべく歯を削らない　なるべく歯を抜かない　なるべく神経を取らないセラミック矯正,https://www.youtube.com/watch?v=5Gcg2r28K74,,470.0,
h9Z1CS_3uTg,院長　還暦６０歳になりました　還暦歯科医師　YouTuberとしての想い,https://www.youtube.com/watch?v=h9Z1CS_3uTg,,417.0,
VnUNjlIPshc,歯の嚙み合わせの大切さ！歯科へ検診にいってみましょう,https://www.youtube.com/watch?v=VnUNjlIPshc,,365.0,
blRrASCB_Xc,岡山の歯科で習得する「歯磨きの基本知識」,https://www.youtube.com/watch?v=blRrASCB_Xc,,355.0,
wZ8OTi2TuiY,ダメな歯医者を見分ける１０のポイント,https://www.youtube.com/watch?v=wZ8OTi2TuiY,,1508.0,
FIxW02gCMUE,岡山で歯石をとるなら　なかの歯科・矯正歯科クリニックへ,https://www.youtube.com/watch?v=FIxW02gCMUE,,358.0,
iwitjtIhNnA,人生100年時代　お口の手入れは命の分かれ目,https://www.youtube.com/watch?v=iwitjtIhNnA,,955.0,
RH-_oU4C34U,親知らず抜いた方がいいの？抜かなくてもいいの？,https://www.youtube.com/watch?v=RH-_oU4C34U,,407.0,
wMsxYePsYU4,ホワイトニング　白い歯は笑顔を輝かせます,https://www.youtube.com/watch?v=wMsxYePsYU4,,330.0,
VqN3PKTfcoo,歯周病　全身の健康に大きな影響が！,https://www.youtube.com/watch?v=VqN3PKTfcoo,,314.0,
Q6N8v3ZpVB0,歯医者でのセカンドオピニオン,https://www.youtube.com/watch?v=Q6N8v3ZpVB0,,626.0,
Tv1LKC1w1cs,ホワイトニング　１ヶ月ワンコインで出来る「なかの歯科メソッド」,https://www.youtube.com/watch?v=Tv1LKC1w1cs,,214.0,
I0gf5ld3CJk,からだに優しいインプラント,https://www.youtube.com/watch?v=I0gf5ld3CJk,,194.0,
5sQKcfdYZho,唾液には身体を守る大切な役割があります,https://www.youtube.com/watch?v=5sQKcfdYZho,,265.0,
tiCGKVdIa48,インプラント手術　インプラント埋入の様子を模型を使ってお見せします,https://www.youtube.com/watch?v=tiCGKVdIa48,,377.0,
ZkMSq6M7FpE,オールオン4治療承諾書について　オールオン4治療を安心して受けていただくために,https://www.youtube.com/watch?v=ZkMSq6M7FpE,,631.0,
rY0C1bnVxJU,目立たない矯正治療　マウスピース矯正インビザライン,https://www.youtube.com/watch?v=rY0C1bnVxJU,,352.0,
D856NdiIn54,歯周病の最新治療法　歯周病10のチェックリスト,https://www.youtube.com/watch?v=D856NdiIn54,,379.0,
HLQdKRcj-Bs,インビザライン　料金が変わりました　インビザライン・コンプリヘンシブ　インビザライン・モデレート　インビザライン・ライト　インビザライン・iGO　あなたに最適のインビザラインで笑顔を！,https://www.youtube.com/watch?v=HLQdKRcj-Bs,,367.0,
z620xyCrqzI,健康寿命を伸ばす歯科定期健診　なかの歯科・矯正歯科クリニック,https://www.youtube.com/watch?v=z620xyCrqzI,,125.0,
CXYiFaCX24g,インプラント　オールオン4　ザイゴマインプラントをお考えの方へ　東京のマロ・クリニックに行ってきました,https://www.youtube.com/watch?v=CXYiFaCX24g,,261.0,
O7XAJnWvXLw,2次むし歯って何？　歯科医院で綺麗にしましょう,https://www.youtube.com/watch?v=O7XAJnWvXLw,,456.0,
mbQ255beA_g,歯を失った時の治療法はどうするの？　トリートメントコーディネーターが適切な治療法をご提案します,https://www.youtube.com/watch?v=mbQ255beA_g,,516.0,
0Uar2MOKfs0,抜歯になる原因　抜歯になると何が悪いの？,https://www.youtube.com/watch?v=0Uar2MOKfs0,,257.0,
oOtSwGmkq44,お口の健康とインフルエンザ予防　３つのステップでお口の中のケアを！,https://www.youtube.com/watch?v=oOtSwGmkq44,,245.0,
dvK5MzTMO4Q,インプラント手術全部見せます,https://www.youtube.com/watch?v=dvK5MzTMO4Q,,1141.0,
Z6OQdAS4x1U,入れ歯って実際どうなの？,https://www.youtube.com/watch?v=Z6OQdAS4x1U,,278.0,
rE_0PH58yTM,歯科衛生士のお仕事　かかりつけ歯科衛生士を持ちましょう,https://www.youtube.com/watch?v=rE_0PH58yTM,,259.0,
DjUVvZZ6Oqs,基礎から学ぶセラミック治療,https://www.youtube.com/watch?v=DjUVvZZ6Oqs,,510.0,
QLAkuyq1SgU,基礎から学ぶ大人の矯正治療　インビザライン矯正　ワイヤー矯正　おすすめする人　おすすめしない人,https://www.youtube.com/watch?v=QLAkuyq1SgU,,569.0,
Qh_CD4rwKEs,インプラント治療について患者の立場からどんどん質問します,https://www.youtube.com/watch?v=Qh_CD4rwKEs,,1080.0,
jegGTon3840,大人の矯正　見えない矯正,https://www.youtube.com/watch?v=jegGTon3840,,760.0,
eYAXo1n68M8,あなたのつらい肩こり・頭痛　実は歯ぎしりが原因かも知れません,https://www.youtube.com/watch?v=eYAXo1n68M8,,252.0,
gWkZmfLOZMo,矯正のメリットは「見た目」だけじゃない　岡山の歯科で受ける子どもの矯正編,https://www.youtube.com/watch?v=gWkZmfLOZMo,,278.0,
iPMC-sWrrSQ,オールオン4でよくある質問　【私にオールオン４出来ますか？】,https://www.youtube.com/watch?v=iPMC-sWrrSQ,,585.0,
MLLxcl3x0T0,2023年を迎えて　予測と歯科のこれから,https://www.youtube.com/watch?v=MLLxcl3x0T0,,424.0,
aGTwwqbWr1Q,しくじり先生　俺みたいになるな！　歯科医師の失敗について,https://www.youtube.com/watch?v=aGTwwqbWr1Q,,715.0,
N8F_aMBaYIE,歯を失った時の治療法　入れ歯　ブリッジ　インプラント　それぞれのメリット・デメリットをお話します,https://www.youtube.com/watch?v=N8F_aMBaYIE,,626.0,
WDZmXI5-HgY,2022年　ありがとう　2023年に向けて院長よりスタッフへ　（後編）　岡山　なかの歯科・矯正歯科クリニック,https://www.youtube.com/watch?v=WDZmXI5-HgY,,159.0,
aljWInTzKmU,2022年　ありがとう　院長よりスタッフへ　（前編）　岡山　なかの歯科・矯正歯科クリニック,https://www.youtube.com/watch?v=aljWInTzKmU,,129.0,
nIOPQ9iUR48,むし歯のリスクについて,https://www.youtube.com/watch?v=nIOPQ9iUR48,,295.0,
vcn6hQsamWo,オールオン４でよくある質問にお答えします,https://www.youtube.com/watch?v=vcn6hQsamWo,,771.0,
Udi4vATNmaA,あなたはなぜ行かない？歯の定期健診,https://www.youtube.com/watch?v=Udi4vATNmaA,,344.0,
5hP2sTNDKVk,スタッフに成長して喜んでもらうために！岡山の働きや歯医者「なかの歯科・矯正歯科クリニック」【歯科衛生士 求人】,https://www.youtube.com/watch?v=5hP2sTNDKVk,,442.0,
VhnfU574B3A,【岡山の歯医者】なかの歯科・矯正歯科クリニック　2022年10大ニュース,https://www.youtube.com/watch?v=VhnfU574B3A,,397.0,
y_a2v0csLiA,歯科医の年収　ぶっちゃけます！ あなたが通う歯医者さんの年収が気になりますよね？　子どもさんに歯科医師になって欲しいとお考えの方へ【岡山の名医がぶっちゃける】,https://www.youtube.com/watch?v=y_a2v0csLiA,,581.0,
ZU63tHHlVSk,セラミック治療のメリット　虫歯の治療を受ける方へ【岡山の歯医者がおすすめ】,https://www.youtube.com/watch?v=ZU63tHHlVSk,,335.0,
4A__wyn-mx8,キスをした人数が多い方が歯周病になりやすい？ 本当？ウソ？【岡山の歯医者が教える歯と恋愛の豆知識】,https://www.youtube.com/watch?v=4A__wyn-mx8,,439.0,
L8G-os8V94I,よく噛んで食べるメリット　歯科医師おすすめの「噛む噛むダイエット」【岡山の歯医者】,https://www.youtube.com/watch?v=L8G-os8V94I,,357.0,
hhPsWb8jnCo,歯科医院の定期健診　体の健康のためにも定期的な歯科の健診を受けましょう【岡山の歯医者が予防の大切さを解説】,https://www.youtube.com/watch?v=hhPsWb8jnCo,,218.0,
6x_Lf7DFBrg,【お口ぽかん】のお子様がマスク生活で増えています　お口ぽかんの問題点と改善法について【虫歯・歯周病との関係を岡山の歯医者が解説】,https://www.youtube.com/watch?v=6x_Lf7DFBrg,,687.0,
ej0Nyt349ag,笑顔の効果　笑顔で健康に暮らす　笑顔にはダイエット効果も！【岡山の歯医者が解説】,https://www.youtube.com/watch?v=ej0Nyt349ag,,278.0,
IjBn6Iu-GOE,アマルガムって何？　歯科医院で受けるアマルガム治療【アマルガムのリスクを岡山の歯医者が解説】,https://www.youtube.com/watch?v=IjBn6Iu-GOE,,290.0,
3ZyrD8ZYZBQ,マスク生活の問題点　一番の問題点は口呼吸って知っていましたか？【むし歯・歯周病・口臭...etc. と口呼吸の関係を岡山の歯医者が解説】,https://www.youtube.com/watch?v=3ZyrD8ZYZBQ,,266.0,
80rivIp0mME,岡山でインプラント治療を受けるなら　インプラントの基本とメリットについて【安い・有名】,https://www.youtube.com/watch?v=80rivIp0mME,,316.0,
TesfKQ2-ZoQ,インビザライン矯正が下手な歯医者の見分け方3選【インビザラインで有名な岡山の歯医者が伝授】,https://www.youtube.com/watch?v=TesfKQ2-ZoQ,,468.0,
VOy_E1NF5_0,アニメでわかる「なかの歯科・矯正歯科クリニック」が選ばれる７つの特徴【岡山で有名な歯医者】,https://www.youtube.com/watch?v=VOy_E1NF5_0,,118.0,
SlDDzFLN7GU,失敗しないインプラント歯科医選びの法則！治療専門医の見分け方【インプラントで有名な岡山の歯医者が伝授】,https://www.youtube.com/watch?v=SlDDzFLN7GU,,392.0,
OoHH3U1ofRM,なかの歯科YouTubeチャンネル人気動画ベスト３【岡山の有名な歯医者】,https://www.youtube.com/watch?v=OoHH3U1ofRM,,344.0,
S3mMfMjAU8M,【危険】歯医者は使わない歯磨き粉３選【岡山の名医が教えます】,https://www.youtube.com/watch?v=S3mMfMjAU8M,,426.0,
FMuyVPFpc2k,あなたの歯医者は大丈夫？見分け方【岡山の名医が歯医者の衛生について解説】,https://www.youtube.com/watch?v=FMuyVPFpc2k,,399.0,
-PrACF-I-cY,【岡山の歯医者さんが解説！】インビザライン矯正に失敗する人の特徴,https://www.youtube.com/watch?v=-PrACF-I-cY,,642.0,
7nDtdo78imY,入れ歯の正体を岡山の歯医者さんが解説。保険外治療なのにメリットが少ないのはなぜ？【総入れ歯の選び方】,https://www.youtube.com/watch?v=7nDtdo78imY,,474.0,
hnYkFxutsgc,歯医者が教える健康的な筋力アップ法【岡山の歯科医師】,https://www.youtube.com/watch?v=hnYkFxutsgc,,882.0,
o-viKXqD3OY,岡山市の歯医者さんでインプラント治療をするならどこが良い？,https://www.youtube.com/watch?v=o-viKXqD3OY,,291.0,
fbrvJ0D212w,岡山の歯医者さんでインプラント治療をする際の適正な価格は？,https://www.youtube.com/watch?v=fbrvJ0D212w,,331.0,
9NQ2pi-DHZI,岡山市の歯医者さんで痛くないのはどこ？当院をおすすめする理由,https://www.youtube.com/watch?v=9NQ2pi-DHZI,,167.0,
kW49ljNMzd4,岡山市で口コミの良い歯医者さんはどこ？,https://www.youtube.com/watch?v=kW49ljNMzd4,,174.0,
sIFr9vGlkAY,マスコミで有名な岡山市の歯医者さんは？,https://www.youtube.com/watch?v=sIFr9vGlkAY,,239.0,
RLKBPGVWr4U,岡山市の歯医者さんで毎月3000円～4000円でインビザラインをする方法,https://www.youtube.com/watch?v=RLKBPGVWr4U,,243.0,
IEe0c3qctrE,岡山の歯医者さんでマウスピース矯正インビザラインをする場合の費用相場は？,https://www.youtube.com/watch?v=IEe0c3qctrE,,257.0,
emAJn-eIzzE,インビザラインで失敗しないための4つのポイント【岡山の歯医者さん】,https://www.youtube.com/watch?v=emAJn-eIzzE,,515.0,
lTvzAC58dag,歯医者さんが解説！口臭のセルフチェック法と簡単口臭予防法【岡山市】,https://www.youtube.com/watch?v=lTvzAC58dag,,853.0,
ZgNMLUcfzDA,実績あり！上顎に骨がない場合のインプラント治療方法【岡山の歯医者さん】,https://www.youtube.com/watch?v=ZgNMLUcfzDA,,277.0,
8lPIlSXq3BY,岡山市の歯医者さんでセラミック矯正を受けられます！【安心】,https://www.youtube.com/watch?v=8lPIlSXq3BY,,365.0,
G7G0uY20orU,大人の矯正6つの疑問に岡山の歯医者さんが回答！,https://www.youtube.com/watch?v=G7G0uY20orU,,854.0,
kfqy-RAbyp0,インプラントでオールオン4を絶対におすすめする5つの理由【岡山の歯医者さんが解説】,https://www.youtube.com/watch?v=kfqy-RAbyp0,,248.0,
PssIN0-r2rA,お悩み解消！自分で出来る顎関節症の改善法と歯科医院での治療方法【岡山の歯医者さん】,https://www.youtube.com/watch?v=PssIN0-r2rA,,850.0,
eyb2mkPevdc,オールオン4治療の費用や治療法を岡山の歯医者さんが解説！,https://www.youtube.com/watch?v=eyb2mkPevdc,,361.0,
qUz0SnKhSCk,なぜ人気？マウスピース矯正インビザラインを岡山の歯医者さんがおすすめする理由,https://www.youtube.com/watch?v=qUz0SnKhSCk,,406.0,
saCi3WetIaY,【岡山の歯医者さんが解説】良い歯科医院とは？「なかの歯科・矯正歯科クリニック」院長中野浩輔の強い想い,https://www.youtube.com/watch?v=saCi3WetIaY,,413.0,
Dje9IpkfkOQ,歯科矯正をやるベストタイミングは？【岡山の歯医者さんが解説】,https://www.youtube.com/watch?v=Dje9IpkfkOQ,,370.0,
NpFgoI3EBuw,体と財布に優しいセラミック矯正。なるべく歯を削らない＆神経を取らない方法【岡山の歯医者さんで】,https://www.youtube.com/watch?v=NpFgoI3EBuw,,391.0,
zgGoGjZtY7o,オールオン4やるならいつがベストタイミング？【岡山の歯医者さんが解説】,https://www.youtube.com/watch?v=zgGoGjZtY7o,,343.0,
C0EsS4aAC6M,歯科矯正をおすすめする5つの理由【岡山の歯医者さんで矯正】,https://www.youtube.com/watch?v=C0EsS4aAC6M,,333.0,
Ta92L9kBMNQ,おすすめ「オールオン4」のメリット【岡山の歯医者さんが解説】【口コミで評判】,https://www.youtube.com/watch?v=Ta92L9kBMNQ,,256.0,
ppRZGKLDG4c,岡山市「歯科衛生士」さんの求人！口コミで評判の歯医者さんなかの歯科の3人で話をしてみた,https://www.youtube.com/watch?v=ppRZGKLDG4c,,268.0,
OptSlEhaOs4,オールオン４の値段って高い？費用はどのくらい？【岡山の歯医者さん】,https://www.youtube.com/watch?v=OptSlEhaOs4,,298.0,
FCLMw3sivhA,マウスピース矯正とワイヤー矯正あなたはどっち？【岡山市でインビザライン】【口コミで評判の歯医者さん】,https://www.youtube.com/watch?v=FCLMw3sivhA,,408.0,
1FDQT4fa9G8,岡山の歯医者さんで最新のオールオン4！CTや３Dプリンターで精度の高い治療【値段や価格】,https://www.youtube.com/watch?v=1FDQT4fa9G8,,231.0,
oj4FWsSBrik,子供のマウスピース矯正におけるインビザラインファーストとは？【岡山の歯医者さん】,https://www.youtube.com/watch?v=oj4FWsSBrik,,596.0,
OsUFHDzdd9Y,インプラント入れ歯ってご存知ですか？　岡山市のインプラント入れ歯【岡山でインプラント・なかの歯科・矯正歯科クリニック】,https://www.youtube.com/watch?v=OsUFHDzdd9Y,,164.0,
OJOeHI5srjA,歯の矯正治療の値段って高い？特に岡山市のインビザラインの 費用について【岡山でインビザライン・安い?】,https://www.youtube.com/watch?v=OJOeHI5srjA,,359.0,
d37i1MD7LHI,日本の歯科の悲しい現実(T＿T)　歯科医師残酷物語　歯科医師の明るい未来のために　【岡山の口コミでおすすめと評判の歯科医が解説】【歯科はランキングで何位?】,https://www.youtube.com/watch?v=d37i1MD7LHI,,1143.0,
iFWGeUHM8qE,オールオン4 をおすすめする5つの理由【岡山の歯医者が解決】,https://www.youtube.com/watch?v=iFWGeUHM8qE,,297.0,
P7LCoaU-A4o,【お口ぽかん】のお子様が増えています　お父様　お母さま必見！【虫歯との関係は? 岡山の歯医者が解説】,https://www.youtube.com/watch?v=P7LCoaU-A4o,,370.0,
L_wYrhGhiuk,寿命を縮める危ない歯医者の見分け方10の要点について　岡山 歯医者 人気 ランキング【口コミで高評価の歯科が解説】,https://www.youtube.com/watch?v=L_wYrhGhiuk,,848.0,
PC1CFd6n7J8,なかの歯科・矯正歯科クリニック　開業までの道のり　そして未来へ【岡山の歯医者】,https://www.youtube.com/watch?v=PC1CFd6n7J8,,1725.0,
nvRIWUk7Bp4,【歯科衛生士（復職）求人】　岡山市のなかの歯科・矯正歯科クリニック　岡山市の歯科衛生士さんの求人アニメです。【口コミの評価が高い歯科】,https://www.youtube.com/watch?v=nvRIWUk7Bp4,,109.0,
DZm5RTFIuIY,オールオン4と全体インプラント　歯がガタガタ　ボロボロの方　どちらが・・・【岡山の歯医者が解説】,https://www.youtube.com/watch?v=DZm5RTFIuIY,,423.0,
esMuodyhHwk,【歯科衛生士（転職）求人】　岡山市のなかの歯科・矯正歯科クリニック　岡山 歯科衛生士 求人についてアニメで解説【口コミの高い歯科】,https://www.youtube.com/watch?v=esMuodyhHwk,,111.0,
nj-bmGvMZJI,セラミック矯正を受けるのが心配な方へ【安心・岡山の歯医者】,https://www.youtube.com/watch?v=nj-bmGvMZJI,,561.0,
mE3AJdiDaGk,【歯科衛生士（新卒）求人】　岡山市のなかの歯科・矯正歯科クリニック【口コミ評価の高い歯科】,https://www.youtube.com/watch?v=mE3AJdiDaGk,,108.0,
xgwmw0H4KaI,すきっ歯　前歯のすき間を治す方法　前歯のすき間は金運や運勢にも影響する？【岡山の歯医者が解説】,https://www.youtube.com/watch?v=xgwmw0H4KaI,,291.0,
SQ1RoBEqmB4,【軽減法を解説】岡山で歯科治療を受ける時に嘔吐反射でお困りの方へ【安心・岡山の歯医者が解説】,https://www.youtube.com/watch?v=SQ1RoBEqmB4,,528.0,
nY_MiI-YVG8,【歯がボロボロ】岡山で重度の虫歯治療をするならインプラントのオールオン４治療　【グラグラ】【口コミ評価の高い歯医者が解説】,https://www.youtube.com/watch?v=nY_MiI-YVG8,,317.0,
ho9jPNg7tKg,【岡山で治療するなら】インビザライン・フルとインビザラインiGOの治療【違いを解説】【インビザラインで有名な歯医者】,https://www.youtube.com/watch?v=ho9jPNg7tKg,,266.0,
o6qP_w5Awzs,岡山の歯科医院「なぜ歯科医師という職業をえらんだのか？」名医が回答【口コミ評価の高い歯医者の背景】,https://www.youtube.com/watch?v=o6qP_w5Awzs,,1865.0,
cS_rMwevgOA,岡山県で≪重度虫歯治療≫なら名医がいます！オールオン４でしっかり噛めて美味しく食事をしよう！【安心・口コミ評価も高い】,https://www.youtube.com/watch?v=cS_rMwevgOA,,270.0,
ANS4_lSt3K8,セラミック矯正は本当に悪か？ 岡山の矯正医が解説【岡山で口コミ評価の高い歯医者】,https://www.youtube.com/watch?v=ANS4_lSt3K8,,505.0,
WlJa6yy8hq4,岡山でホワイトスポットや気になる歯の白い斑点、白濁の治療を解説します。【口コミ評価の高い歯医者】,https://www.youtube.com/watch?v=WlJa6yy8hq4,,454.0,
_ehxxeVjx2I,本当は怖い歯周病！ 岡山の歯科治療の名医が解説します。【歯周病専門医・口コミ評価も高い歯医者】,https://www.youtube.com/watch?v=_ehxxeVjx2I,,546.0,
N0IgDx8NkUg,【矯正治療】口ゴボ（くちごぼ）どうしたら治る？岡山の矯正医が解説！【歯科治療】【インビザラインで有名な歯医者】,https://www.youtube.com/watch?v=N0IgDx8NkUg,,476.0,
wsTslGkIRYw,【岡山で】できるだけ歯の神経を抜かずに治療をする【歯髄温存療法(MTA)】【口コミ評価の高い歯医者】,https://www.youtube.com/watch?v=wsTslGkIRYw,,366.0,
0xCc76uxa_M,【岡山でむし歯治療】抜歯後の部分入れ歯について【歯科医師が解説】【虫歯・岡山の歯医者が解説】,https://www.youtube.com/watch?v=0xCc76uxa_M,,258.0,
qH5Ewr3e6DE,むし歯治療　歯を抜いた後のブリッジについて【岡山で口コミで有名な歯科医院が解説いたします♪】【虫歯治療について・岡山の歯医者】,https://www.youtube.com/watch?v=qH5Ewr3e6DE,,206.0,
xqgkYxt7o7I,むし歯治療 かぶせもの治療 神経を取ってかぶせをする場合の治療の流れについて【岡山県で口コミで人気の歯科医院が解説！】【虫歯・痛い? 無痛!?】,https://www.youtube.com/watch?v=xqgkYxt7o7I,,449.0,
IRRH-HKAI30,奥歯の大きなむし歯治療　かぶせもの治療について【岡山県 口コミで有名な歯科医院が解説！】【岡山の歯医者・大きな虫歯 どうする?】,https://www.youtube.com/watch?v=IRRH-HKAI30,,359.0,
m2I9uOEBZG8,奥歯のむし歯治療　型を取ってつめものをする治療【岡山県で人気の歯科医院が徹底解説！】【虫歯治療・口コミ評価の高い歯医者】,https://www.youtube.com/watch?v=m2I9uOEBZG8,,353.0,
O_C6U4qMRoo,奥歯のむし歯治療について　白いプラスチックをつめる治療【岡山県 口コミで有名な歯科医院が解説します！！】【虫歯治療・岡山の歯医者】,https://www.youtube.com/watch?v=O_C6U4qMRoo,,303.0,
Bphn8razFt8,前歯のむし歯治療について　白いプラスチックをつめる治療【岡山で口コミで有名な歯科医院が解説！！】【虫歯治療・岡山の歯医者】,https://www.youtube.com/watch?v=Bphn8razFt8,,288.0,
-h1f-SV8lUs,誰もが気になるお口の匂い　口臭撃退法を解説！【岡山にある口コミで評判の歯科医院】【岡山の歯医者・名医が解説】,https://www.youtube.com/watch?v=-h1f-SV8lUs,,233.0,
gv2r64MPQ0k,削らない虫歯治療【岡山 虫歯治療】【むし歯治療について口コミ評価の高い歯医者が解説】,https://www.youtube.com/watch?v=gv2r64MPQ0k,,330.0,
O_sypAYQ2CU,歯がボロボロ　前歯がグラグラ重度でしばらく歯医者に行ってない方【岡山 虫歯治療】【岡山で口コミ評価の高い歯科】,https://www.youtube.com/watch?v=O_sypAYQ2CU,,485.0,
ba_XC6rUNP8,【岡山の歯医者が解説】他のマウスピース矯正とインビザラインの違い【インビザラインで口コミが高い歯科医師が違いを解説】【安全? 費用は? 名医が解説】,https://www.youtube.com/watch?v=ba_XC6rUNP8,,685.0,
q_063q_vYWo,【岡山の歯医者が解説】できるだけ痛みの少ない歯科治療を心がけています【痛くない歯医者】【口コミ評価の高い名医】,https://www.youtube.com/watch?v=q_063q_vYWo,,309.0,
3IkpJC7qddw,【岡山で歯の治療】苦しくなったときガマンしすぎないでください【歯の治療でガマンできない時】【口コミ評価の高い歯医者からのお願い】,https://www.youtube.com/watch?v=3IkpJC7qddw,,317.0,
EkZ8Q9L3LC4,【岡山の歯医者が解説】ザイゴマインプラントはどんな治療法なのか【ザイゴマインプラントを専門医が解説】【口コミ評価の高い名医がわかりやすく】,https://www.youtube.com/watch?v=EkZ8Q9L3LC4,,243.0,
2lUro3ZH0sE,【岡山の歯医者が解説】オールオンフォー（All on 4）の価格　お支払い方法について【All on 4の価格を解説】【虫歯・歯周病で歯がガタガタになったら...】,https://www.youtube.com/watch?v=2lUro3ZH0sE,,432.0,
jyghHuG9a7M,【岡山で口コミの良い歯医者】オールオン４（All on 4）について【安心して治療を受けられる歯科医院選びを】【虫歯・歯周病で歯がガタガタになったら】,https://www.youtube.com/watch?v=jyghHuG9a7M,,394.0,
gai-xegE_F8,【岡山でインビザライン】インビザラインの費用について【治療の費用はどのくらい？】【口コミ評価の高い歯医者が解説】,https://www.youtube.com/watch?v=gai-xegE_F8,,321.0,
lpYxST_uryI,【岡山で注目の歯医者】理想の歯科医院をつくりたい【岡山の名医 中野浩輔の強い想い】【口コミ評価の高い歯科の背景・名医が解説】,https://www.youtube.com/watch?v=lpYxST_uryI,,90.0,
M-wgvW92q2E,【岡山のインビザライン】あなたに最適なインビザラインは？【岡山でインビザラインの口コミが高い歯医者が解説】【矯正・費用は?】,https://www.youtube.com/watch?v=M-wgvW92q2E,,311.0,
ZIeC5hg2MkQ,岡山の歯医者さんで歯並び矯正！子供の健康をきれいな歯並びで守る！【毎日の暮らしの中で「くせ」をチェック】,https://www.youtube.com/watch?v=ZIeC5hg2MkQ,,645.0,
7hX0293LHuo,突然起こる子供のお口の中のケガと対処法【岡山の歯医者が解説】,https://www.youtube.com/watch?v=7hX0293LHuo,,846.0,
ryKxT6qeA8I,【岡山の歯医者が解説】赤ちゃんの虫歯予防はいつから始める？,https://www.youtube.com/watch?v=ryKxT6qeA8I,,895.0,
4NgeTXil-Hk,妊娠中の歯の治療について解説！レントゲンやお薬の心配は？【岡山の歯医者】,https://www.youtube.com/watch?v=4NgeTXil-Hk,,637.0,
anUTsXaDswc,【岡山の歯医者が解説】よく噛むことで起こる健康的メリット,https://www.youtube.com/watch?v=anUTsXaDswc,,254.0,
nkThSSFAyvw,総入れ歯の痛み・噛みにくさ・ズレなどの悩みを解消するには？【岡山の歯医者が解説】,https://www.youtube.com/watch?v=nkThSSFAyvw,,289.0,
yss0zI_Bv-U,【岡山の歯医者が解説】メタボリックドミノとは？,https://www.youtube.com/watch?v=yss0zI_Bv-U,,298.0,
7o0xdEkWIKQ,インプラントで失敗しないためには？【岡山の歯医者が解説】,https://www.youtube.com/watch?v=7o0xdEkWIKQ,,558.0,
inMxS1s80l0,【岡山の歯医者さんが解説】インビザラインで重要なクリンチェックについて,https://www.youtube.com/watch?v=inMxS1s80l0,,396.0,
W5qVNK1YRIE,【岡山の歯医者が解説】子供の歯並びが悪くなる原因と潜む危険！,https://www.youtube.com/watch?v=W5qVNK1YRIE,,523.0,
iLrm3tqWqaU,基礎から学ぶオールオン４。ガタガタの歯でお悩みの方必見！【岡山の歯医者が解説】,https://www.youtube.com/watch?v=iLrm3tqWqaU,,1228.0,
2HSyh1PJLvQ,【岡山の歯医者】なかの歯科・矯正歯科クリニック患者様限定プレゼントキャンペーン,https://www.youtube.com/watch?v=2HSyh1PJLvQ,,82.0,
4XOLcLWNDkM,歯科医院で治療予約をする際のお願い【岡山の歯医者】,https://www.youtube.com/watch?v=4XOLcLWNDkM,,100.0,
M2AYGyG_Wls,基礎から学ぶインプラント【口コミで評判の岡山の歯医者が解説】,https://www.youtube.com/watch?v=M2AYGyG_Wls,,1302.0,
xWcZxMn6qa4,子供がお口の中を切ったときの対処法【岡山の歯医者さんが解説】,https://www.youtube.com/watch?v=xWcZxMn6qa4,,891.0,
rBV4v_ukkxg,インビザラインのここがスゴイ！岡山の歯医者さんがメリットを解説,https://www.youtube.com/watch?v=rBV4v_ukkxg,,1286.0,
_7PQtai4k7E,虫歯は親から移る！赤ちゃんの虫歯予防を岡山の歯医者さんが徹底解説,https://www.youtube.com/watch?v=_7PQtai4k7E,,797.0,
ZnS6-swuKJo,国民皆歯科検診って何？対談形式で解説【岡山の歯医者】,https://www.youtube.com/watch?v=ZnS6-swuKJo,,157.0,
522XzYw6iSw,妊娠中の歯科治療！治療のタイミングや麻酔についてを岡山の歯科医師が解説,https://www.youtube.com/watch?v=522XzYw6iSw,,734.0,
JR46-OlnClI,徹底比較！インビザ？ワイヤー？基礎から学ぶ大人の矯正治療！,https://www.youtube.com/watch?v=JR46-OlnClI,,394.0,
ZSQejV6qRRU,基礎から学ぶ！セラミック治療を岡山の歯科医師が解説,https://www.youtube.com/watch?v=ZSQejV6qRRU,,318.0,
ZkZA4Czz1LM,歯を全て失ったら？オールオン４治療について岡山の歯医者がお話しします,https://www.youtube.com/watch?v=ZkZA4Czz1LM,,396.0,
eJLpz129PyE,後悔しないために！インプラント治療についてを岡山の歯医者が解説,https://www.youtube.com/watch?v=eJLpz129PyE,,446.0,
MWMkmKi6kG8,初めての方必見！インビザラインを徹底解説！岡山の歯医者,https://www.youtube.com/watch?v=MWMkmKi6kG8,,621.0,
NK4FAzGdL_Y,超精密入れ歯BPS　入れ歯でお悩みの方へ朗報です,https://www.youtube.com/watch?v=NK4FAzGdL_Y,,263.0,
QGIbrW219HU,入れ歯でお悩みの方へ！超精密入れ歯BPSについてを岡山の歯医者が解説,https://www.youtube.com/watch?v=QGIbrW219HU,,400.0,
PAvQK27S5Ao,前歯の根元の膿！治療法を説明！岡山の歯医者が解説,https://www.youtube.com/watch?v=PAvQK27S5Ao,,541.0,
CDI8inwpw7s,人生が変わる治療オールオン４！費用や体験者の本音をご紹介,https://www.youtube.com/watch?v=CDI8inwpw7s,,1067.0,
B6Vs-KcGBzE,市販のホワイトニング剤と歯科のホワイトニング剤の違いを解説！岡山の歯医者さんsquare版,https://www.youtube.com/watch?v=B6Vs-KcGBzE,,158.0,
p7H_wzZcb8s,ホワイトニング剤はネットで買って大丈夫？歯科のホワイトニング剤との違いを解説！岡山の歯医者さん,https://www.youtube.com/watch?v=p7H_wzZcb8s,,158.0,
rGIm85Chjsc,インプラントvsブリッジvs部分入れ歯！それぞれのメリット・デメリットをご紹介,https://www.youtube.com/watch?v=rGIm85Chjsc,,269.0,
WeYC2fsrLDI,インプラントvsブリッジvs部分入れ歯！それぞれのメリット・デメリットをご紹介square版,https://www.youtube.com/watch?v=WeYC2fsrLDI,,270.0,
xz3pkSZcJ00,検討中の方必見！マウスピース矯正についてを岡山の歯医者が解説,https://www.youtube.com/watch?v=xz3pkSZcJ00,,191.0,
p4OgbHo-GJE,意外と知らない保険診療と自由診療の違い！岡山の歯医者さんsquare版,https://www.youtube.com/watch?v=p4OgbHo-GJE,,202.0,
YkK7HRjQWeM,意外と知らない保険診療と自由診療の違い！岡山の歯医者さん,https://www.youtube.com/watch?v=YkK7HRjQWeM,,202.0,
0qn90DbtWls,膿んでしまった歯茎の治療法！岡山の歯医者が解説します,https://www.youtube.com/watch?v=0qn90DbtWls,,144.0,
zmTpuUgVnvM,タイミングが大事！子供の矯正気を付けるポイントsquare版,https://www.youtube.com/watch?v=zmTpuUgVnvM,,162.0,
Fgd8XcL2e6k,タイミングが大事！子供の矯正気を付けるポイント,https://www.youtube.com/watch?v=Fgd8XcL2e6k,,162.0,
iNc8_5PgC20,オールオン４はインプラントとどう違う？治療法や費用を岡山の歯医者が解説,https://www.youtube.com/watch?v=iNc8_5PgC20,,1068.0,
sWD0meswXHE,恐ろしい病！歯周病を予防するには○○が大事！岡山の歯医者さん,https://www.youtube.com/watch?v=sWD0meswXHE,,145.0,
DxXHaA3f97U,恐ろしい病！歯周病を予防するには○○が大事！岡山の歯医者さん,https://www.youtube.com/watch?v=DxXHaA3f97U,,145.0,
nX0u9Ui_4UE,歯を失う恐ろしい理由・・・原因と治療法を解説！岡山の歯医者さん,https://www.youtube.com/watch?v=nX0u9Ui_4UE,,480.0,
YU7ltFj1QgY,歯の神経治療！精密根管治療の実態square版,https://www.youtube.com/watch?v=YU7ltFj1QgY,,152.0,
62tDJBixkjM,歯の神経治療！精密根管治療の実態,https://www.youtube.com/watch?v=62tDJBixkjM,,151.0,
bPy9WHD6NVE,痛い？横向きの親知らず抜歯方法を岡山の歯医者が解説！,https://www.youtube.com/watch?v=bPy9WHD6NVE,,588.0,
VmrNkfUjzTw,親知らずの抜歯は痛い？岡山の歯医者さん,https://www.youtube.com/watch?v=VmrNkfUjzTw,,226.0,
_nZ1UT0_w_g,安心安全な歯の治療！岡山の歯医者がお話ししますsquare版,https://www.youtube.com/watch?v=_nZ1UT0_w_g,,98.0,
Cftn2l77XxY,安心安全な歯の治療！岡山の歯医者がお話しします,https://www.youtube.com/watch?v=Cftn2l77XxY,,98.0,
JLjEfBR30Cs,インプラントをお考えの方必見！無料初診相談実施してます！岡山のなかの歯科・矯正歯科クリニック,https://www.youtube.com/watch?v=JLjEfBR30Cs,,350.0,
HWa8CGMSYWc,怖い！奥歯の抜歯はこうやって抜いてます！,https://www.youtube.com/watch?v=HWa8CGMSYWc,,163.0,
v3VWG4IHSkc,歯科業界の革新！インビザライン治療についてを岡山の歯医者がお話します,https://www.youtube.com/watch?v=v3VWG4IHSkc,,838.0,
KUDuZutj-sY,インビザライン治療の流れについてご紹介！岡山の歯医者さん,https://www.youtube.com/watch?v=KUDuZutj-sY,,371.0,
Su_SdhXGajc,人生が変わる！インビザライン治療で歯のお悩みを解決しませんか？【岡山の歯医者さんが解説】,https://www.youtube.com/watch?v=Su_SdhXGajc,,700.0,
Hn5dO3AC42M,痛みゼロの麻酔のやり方を岡山の歯医者が解説！,https://www.youtube.com/watch?v=Hn5dO3AC42M,,192.0,
MQyZ4FR5SYA,岡山の歯医者による矯正治療無料オンライン説明会を特別にアーカイブ配信！,https://www.youtube.com/watch?v=MQyZ4FR5SYA,,1463.0,
j8w_K3TAOe4,歯周病の放置は危険！早めに治療すべき理由を岡山の歯医者が解説,https://www.youtube.com/watch?v=j8w_K3TAOe4,,740.0,
99503yduKMk,岡山の歯医者さんで「歯科衛生士」を募集しています【求人】,https://www.youtube.com/watch?v=99503yduKMk,,178.0,
Od3QirQKa7U,お子さんのお口の中の健康管理術を岡山の歯医者が伝授します！,https://www.youtube.com/watch?v=Od3QirQKa7U,,261.0,
Es-BPVzMLgc,前歯の被せ物の種類を岡山の歯医者が解説,https://www.youtube.com/watch?v=Es-BPVzMLgc,,273.0,
avWH0ZSQuAc,岡山の歯医者が矯正治療説明会を開催します！,https://www.youtube.com/watch?v=avWH0ZSQuAc,,58.0,
GR8d3FjpztE,岡山の歯医者も勧める定期検診で、歯周病を予防しよう！,https://www.youtube.com/watch?v=GR8d3FjpztE,,402.0,
GA6_4tGmOkM,インビザラインの最新技術を岡山の歯医者が解説！,https://www.youtube.com/watch?v=GA6_4tGmOkM,,311.0,
UE-ZX-5NP1A,1日でできるオールオン4の治療の流れについて岡山の歯医者が解説,https://www.youtube.com/watch?v=UE-ZX-5NP1A,,323.0,
fW2g84c3ceM,口臭対策を岡山の歯医者が徹底解説！ #Shorts,https://www.youtube.com/watch?v=fW2g84c3ceM,,46.0,
E2FXnYyVIzw,歯石除去の必要性を岡山の歯医者さんが徹底解説！,https://www.youtube.com/watch?v=E2FXnYyVIzw,,279.0,
-kSV69NB4AQ,岡山の歯医者が歯磨き粉の衝撃事実を解説！,https://www.youtube.com/watch?v=-kSV69NB4AQ,,304.0,
Ib-HPsfIolU,親知らずは抜くべきなのか、岡山の歯医者が説明！,https://www.youtube.com/watch?v=Ib-HPsfIolU,,168.0,
3J4mf7l7fm0,絶対に失敗しないインビザライン治療のポイントを岡山の歯医者が教えます！,https://www.youtube.com/watch?v=3J4mf7l7fm0,,361.0,
lSDR4q8BQvA,岡山の歯医者が衝撃のワンコインホワイトニングを解説！,https://www.youtube.com/watch?v=lSDR4q8BQvA,,266.0,
6kA267SuC1U,岡山の歯医者がホワイトニングの治療方法と費用を徹底解説！,https://www.youtube.com/watch?v=6kA267SuC1U,,325.0,
LZZkU0HCbC4,岡山の歯医者が解説！虫歯治療の詰め物・被せ物の種類はどれがいいの？,https://www.youtube.com/watch?v=LZZkU0HCbC4,,233.0,
Su6MIsrKOOU,インプラント・入れ歯・ブリッジの違いを岡山の歯医者が徹底解説！,https://www.youtube.com/watch?v=Su6MIsrKOOU,,285.0,
4s7VSkJ4cXU,インビザラインで垢抜ける！歯列矯正のメリットを岡山の歯医者がお話します,https://www.youtube.com/watch?v=4s7VSkJ4cXU,,241.0,
JYL62NdEY5g,岡山の歯医者がすすめる！免疫を高めて健康に暮らす４つの習慣,https://www.youtube.com/watch?v=JYL62NdEY5g,,256.0,
Kmcr8myqcvg,岡山の歯医者がオールオンフォーの費用、メリット・デメリットを徹底解説！,https://www.youtube.com/watch?v=Kmcr8myqcvg,,473.0,
Ang7hzVDsH8,岡山の歯医者が講演！「お口の手入れは命の分かれ目　噛む噛むエブリバディ」を特別公開！,https://www.youtube.com/watch?v=Ang7hzVDsH8,,828.0,
4o_BZodSt6k,岡山の歯医者が講演！「お口の手入れは命の分かれ目　噛む噛むエブリバディ」を特別公開！,https://www.youtube.com/watch?v=4o_BZodSt6k,,852.0,
T1qScAgeKzg,歯周病について岡山の歯医者が解説！,https://www.youtube.com/watch?v=T1qScAgeKzg,,206.0,
wPUgdiyfDuE,岡山の歯医者の講演を特別公開！「お口の手入れは命の分かれ目！噛む噛むエブリバディ」,https://www.youtube.com/watch?v=wPUgdiyfDuE,,671.0,
Ww3e5hS98F0,インフルエンザ予防でお口も健康！【岡山の歯医者が解説】,https://www.youtube.com/watch?v=Ww3e5hS98F0,,275.0,
GhkBsQR8dJs,岡山の歯医者の講演を特別公開「お口の手入れは命の分かれ目！噛む噛むエブリバディ」,https://www.youtube.com/watch?v=GhkBsQR8dJs,,502.0,
ceFNJG7oGE8,【岡山の歯医者が解説】インビザラインのよくある5つの疑問,https://www.youtube.com/watch?v=ceFNJG7oGE8,,487.0,
hjvT7NpnOqM,口腔内のバイ菌を撃退！健康に暮らすための方法【岡山の歯医者】,https://www.youtube.com/watch?v=hjvT7NpnOqM,,200.0,
0pmbtHpo9Js,歯科衛生士さん募集中！岡山の歯医者さんで一緒に働きませんか？【求人】,https://www.youtube.com/watch?v=0pmbtHpo9Js,,193.0,
MiQeMaVEVOU,岡山の歯医者の講演を特別公開「お口の手入れは命の分かれ目！噛む噛むエブリバディ」,https://www.youtube.com/watch?v=MiQeMaVEVOU,,289.0,
odQ7vQNMNzY,歯科衛生士さん募集中！岡山の歯医者さんで一緒に働きませんか？【求人】,https://www.youtube.com/watch?v=odQ7vQNMNzY,,179.0,
COK5xCcqRwI,話題の「インプラント入れ歯」とは【岡山の歯医者が解説】,https://www.youtube.com/watch?v=COK5xCcqRwI,,190.0,
DuKQIkd2yns,歯医者おすすめの口臭予防法【岡山】,https://www.youtube.com/watch?v=DuKQIkd2yns,,338.0,
rAn1Jkr9G_Y,入れ歯とインプラントどちらを選ぶべき？奥歯2本を失った場合の対処を解説【岡山の歯医者】,https://www.youtube.com/watch?v=rAn1Jkr9G_Y,,194.0,
ojheSTvv2fQ,患者様にもスタッフにも優しい！岡山の歯医者さん「なかの歯科・矯正歯科クリニック」,https://www.youtube.com/watch?v=ojheSTvv2fQ,,243.0,
bDJvLzCxYq8,2021年を振り返って。なかの歯科・矯正歯科クリニック【岡山の歯医者さん】,https://www.youtube.com/watch?v=bDJvLzCxYq8,,329.0,
mRi7BeKj5pc,総入れ歯の治療の進め方を解説！すべての歯を失った方へ【岡山の歯医者さん】,https://www.youtube.com/watch?v=mRi7BeKj5pc,,289.0,
fisk16bv3cM,話題のオールオンフォー治療は高い？すべての歯を失った人へ向けて解説【岡山の歯医者さん】,https://www.youtube.com/watch?v=fisk16bv3cM,,236.0,
sILhHeYBCyY,嫌われる前に知りたい！自分では気づきにくい口臭の原因【岡山の歯医者さんが解説】,https://www.youtube.com/watch?v=sILhHeYBCyY,,380.0,
qwnsHzzhaVE,歯医者が回答！インビザラインのよくある質問８選【岡山】,https://www.youtube.com/watch?v=qwnsHzzhaVE,,526.0,
rzjTWMx6oPw,歯並びに自信がない方必見！AIを用いて行う最新のマウスピース矯正【岡山の歯医者が解説】,https://www.youtube.com/watch?v=rzjTWMx6oPw,,250.0,
D6-JgeMNTKI,岡山の歯医者さん「なかの歯科・矯正歯科クリニック」院長 中野浩輔の思い,https://www.youtube.com/watch?v=D6-JgeMNTKI,,178.0,
vjYhE7eVPUQ,MI治療って？出来るだけ歯を削らない最新の虫歯治療を岡山の歯医者が解説,https://www.youtube.com/watch?v=vjYhE7eVPUQ,,238.0,
Sq_uk1XUWEA,人気を集めるマウスピース矯正「インビザライン」とは【岡山の歯医者】,https://www.youtube.com/watch?v=Sq_uk1XUWEA,,452.0,
eMtKsgvsAFs,歯医者の正しい選び方！５つのポイントを解説【岡山の歯医者】,https://www.youtube.com/watch?v=eMtKsgvsAFs,,374.0,
2vvYulHnWS8,人生１００年時代　歯周病の予防とは？,https://www.youtube.com/watch?v=2vvYulHnWS8,,325.0,
wcZZS9KRDKI,リニューアルした「なかの歯科・矯正歯科クリニック」をドローンで紹介します,https://www.youtube.com/watch?v=wcZZS9KRDKI,,154.0,
qq5X9tq9L8U,歯をすべて失った時の治療法　オールオン４の費用は高い？,https://www.youtube.com/watch?v=qq5X9tq9L8U,,320.0,
Cl8ylCKBU_c,1本歯を失った時の治療法,https://www.youtube.com/watch?v=Cl8ylCKBU_c,,217.0,
aj74VNEI-1M,間違いだらけの歯科治療その２,https://www.youtube.com/watch?v=aj74VNEI-1M,,209.0,
vuzjX7KIjg0,えーっ日本人の８割が歯周病　糖尿病・心臓病・認知症など全身の健康状態と深い関係,https://www.youtube.com/watch?v=vuzjX7KIjg0,,192.0,
UDxcivJbfj0,歯周病・歯槽膿漏のおはなし　10のチェックリスト,https://www.youtube.com/watch?v=UDxcivJbfj0,,330.0,
3PSIpJTtWt8,矯正治療の値段って高い？,https://www.youtube.com/watch?v=3PSIpJTtWt8,,202.0,
YcJQnhUY6iI,オールオン４　パンフレットの説明とQ＆Aについて,https://www.youtube.com/watch?v=YcJQnhUY6iI,,257.0,
scyE_JT7zO8,なかの歯科クリニック　マロクリニック提携歯科医院になりました　インプラント　オールオン４　ザイゴマインプラントをお考えの方に,https://www.youtube.com/watch?v=scyE_JT7zO8,,202.0,
JLuurFEP2c8,歯並びを治す矯正治療について,https://www.youtube.com/watch?v=JLuurFEP2c8,,198.0,
7-N-tXN-wgg,歯周病とガンとの意外な関係,https://www.youtube.com/watch?v=7-N-tXN-wgg,,356.0,
h0GjxoMAxPs,間違いだらけの歯科治療,https://www.youtube.com/watch?v=h0GjxoMAxPs,,332.0,
E0rSm16xEPs,歯科矯正やるならいつ？,https://www.youtube.com/watch?v=E0rSm16xEPs,,335.0,
P_JxnxjTWmY,人生１００年時代　よりよい人生を送るためのお口と歯の知識,https://www.youtube.com/watch?v=P_JxnxjTWmY,,634.0,
kUsU8zd-cgM,歯の神経の治療　根管治療について,https://www.youtube.com/watch?v=kUsU8zd-cgM,,381.0,
xt4dVa2IhHg,オールオン４こんな方におすすめします,https://www.youtube.com/watch?v=xt4dVa2IhHg,,496.0,
dsI4zS-skL0,銀歯の寿命　人生１００年時代　しっかり噛んで美味しく食べて健康な毎日を過ごすために,https://www.youtube.com/watch?v=dsI4zS-skL0,,325.0,
uX374hhtMx0,最近流行りのマウスピース矯正？従来からのワイヤー矯正？あなたならどっち？,https://www.youtube.com/watch?v=uX374hhtMx0,,235.0,
BrwTUOqkzvw,歯並びに自信のない方必見！矯正を絶対におすすめ５つの理由,https://www.youtube.com/watch?v=BrwTUOqkzvw,,424.0,
1_DCeuu21MA,歯並びを治す矯正治療について,https://www.youtube.com/watch?v=1_DCeuu21MA,,180.0,
5-u_q36W5hs,オールオン４・インプラント　写真で実際の症例紹介,https://www.youtube.com/watch?v=5-u_q36W5hs,,408.0,
4w5LcI_fNNw,他の歯科医院で抜歯をしないといけないと言われた本当に抜歯をしないといけないの？,https://www.youtube.com/watch?v=4w5LcI_fNNw,,376.0,
Z-Y67l0RCkk,ボトックスで歯ぎしり・小顔治療とは？,https://www.youtube.com/watch?v=Z-Y67l0RCkk,,361.0,
25PADIaWTNk,インプラントストーリー（なかの歯科クリニック　オリジナル小冊子）についてvol  ３,https://www.youtube.com/watch?v=25PADIaWTNk,,669.0,
PxJXAkA337E,インプラントストーリー（なかの歯科クリニック　オリジナル小冊子）についてvol  2,https://www.youtube.com/watch?v=PxJXAkA337E,,614.0,
fnQrJYdyH24,インプラントストーリー（なかの歯科クリニック　オリジナル小冊子）についてvol  1,https://www.youtube.com/watch?v=fnQrJYdyH24,,482.0,
l276cj0EAxM,マウスピース矯正　インビザラインのメリット・デメリットについて,https://www.youtube.com/watch?v=l276cj0EAxM,,600.0,
ENy9N0EV6ts,なぜ歯みがきが上手に出来ないか？,https://www.youtube.com/watch?v=ENy9N0EV6ts,,367.0,
bsbmLRhTzi8,なかの歯科クリニック（岡山市）リニューアルについて,https://www.youtube.com/watch?v=bsbmLRhTzi8,,336.0,
Wf0w_JyMcBs,インプラント治療説明書治療計画書の内容の説明と実際の治療の流れについて 第２弾,https://www.youtube.com/watch?v=Wf0w_JyMcBs,,475.0,
xfPYpw-zEtA,インプラント治療説明書治療計画書の内容の説明と実際の治療の流れについて,https://www.youtube.com/watch?v=xfPYpw-zEtA,,516.0,
lAao5z8AWOQ,なぜ歯医者で定期検診に通わないといけないのですか？,https://www.youtube.com/watch?v=lAao5z8AWOQ,,428.0,
-I5pS9s3iuk,歯を失った時の治療法　インプラントVS入れ歯　インプラントVSブリッジ　あなたはどちらを選ぶ？,https://www.youtube.com/watch?v=-I5pS9s3iuk,,398.0,
Mtlp_tihhWM,歯の神経の治療後のかぶせ物について,https://www.youtube.com/watch?v=Mtlp_tihhWM,,313.0,
l5PX7FWizzA,オールオン４　インプラント治療承諾のためのご説明,https://www.youtube.com/watch?v=l5PX7FWizzA,,593.0,
kzrDFIqqxfI,なかの歯科クリニック　第２駐車場の新設とリニューアルについて,https://www.youtube.com/watch?v=kzrDFIqqxfI,,151.0,
D-cF4rz0SGg,これなら矯正治療にチャレンジできる　マンガでわかるインビザライン矯正,https://www.youtube.com/watch?v=D-cF4rz0SGg,,367.0,
39FCFUIH0N0,歯科医院での自費治療の支払い方法について,https://www.youtube.com/watch?v=39FCFUIH0N0,,371.0,
62XbEfQvsQs,インプラント治療で快適な食生活を叶える【岡山の歯医者さんが解説】,https://www.youtube.com/watch?v=62XbEfQvsQs,,322.0,
-2Nj2Jz6TTI,ソケットリフト法の症例紹介！インプラント治療で上顎に骨がない時の治療方法【岡山の歯医者】,https://www.youtube.com/watch?v=-2Nj2Jz6TTI,,243.0,
g59PZgZ1q5o,サイナスリフト法・ソケットリフト法の症例紹介！インプラント治療で上顎に骨がない時の治療方法【岡山の歯医者】,https://www.youtube.com/watch?v=g59PZgZ1q5o,,388.0,
Co4whOmgbhs,1日で終わる！オールオンフォーを解説【岡山の歯医者さん】,https://www.youtube.com/watch?v=Co4whOmgbhs,,374.0,
TEYp9KEAgoQ,できるだけ歯を削らず抜かない！虫歯の最新治療法【岡山の歯医者さん】,https://www.youtube.com/watch?v=TEYp9KEAgoQ,,600.0,
kiliwVKCR5M,歯周病と歯槽膿漏を岡山の歯医者さんが解説！,https://www.youtube.com/watch?v=kiliwVKCR5M,,433.0,
2V3lnFyOXOE,歯のホワイトニングを解説します！【岡山の歯医者】,https://www.youtube.com/watch?v=2V3lnFyOXOE,,352.0,
qGgMxY2IF9c,最新の虫歯治療「MI治療」って何？【岡山の歯医者が解説】,https://www.youtube.com/watch?v=qGgMxY2IF9c,,362.0,
T0XznJ2pm_4,歯医者で麻酔の痛みを和らげる治療法【岡山】,https://www.youtube.com/watch?v=T0XznJ2pm_4,,311.0,
8jlYSr2vw6w,最新のホワイトニング治療とは？【岡山の歯医者さんが解説】,https://www.youtube.com/watch?v=8jlYSr2vw6w,,504.0,
oEwwL_qFOUY,歯の神経は抜かないでおこう！【岡山の歯医者さん】,https://www.youtube.com/watch?v=oEwwL_qFOUY,,354.0,
ZiCvCLYAAjY,口臭の原因や予防方法【岡山の歯医者さん】,https://www.youtube.com/watch?v=ZiCvCLYAAjY,,382.0,
-NzgX8KrRgw,岡山の歯医者さんでインビザライン！おすすめの３つのステップ,https://www.youtube.com/watch?v=-NzgX8KrRgw,,396.0,
RB97DbMXB10,インビザラインのよくある質問10選【岡山の歯医者が答えます】,https://www.youtube.com/watch?v=RB97DbMXB10,,620.0,
_qYY0DpYrjA,繁栄する歯科医院と消えていく歯科医院の違いとは【岡山の歯医者さん】,https://www.youtube.com/watch?v=_qYY0DpYrjA,,503.0,
mnLTYRV3Jl8,歯の治療における保険と自費の違い【岡山の歯医者】,https://www.youtube.com/watch?v=mnLTYRV3Jl8,,498.0,
Xz7YmexlwqE,歯科衛生士さんはどんな歯科医院を選べば良いか？,https://www.youtube.com/watch?v=Xz7YmexlwqE,,899.0,
EvQynCijbbk,歯のホワイトニング革命　1ヵ月1コイン　なかの歯科メソッドの秘密,https://www.youtube.com/watch?v=EvQynCijbbk,,267.0,
KxocIETs4Ms,岡山でインプラント治療を考える時におすすめの3ステップ,https://www.youtube.com/watch?v=KxocIETs4Ms,,507.0,
qGGm6ynRx7Y,ジルコニア？イーマックス？クラウン？インレー？セラミック治療の種類,https://www.youtube.com/watch?v=qGGm6ynRx7Y,,505.0,
kNq0D8Mxnew,ラミネートベニア 審美歯科治療を岡山で受けるなら,https://www.youtube.com/watch?v=kNq0D8Mxnew,,454.0,
5ah-MzsPFVE,入れ歯でお悩みの方に朗報！美味しく噛める「超精密入れ歯」,https://www.youtube.com/watch?v=5ah-MzsPFVE,,511.0,
mUpg7fOAb_s,輝く白い歯 お手軽ホワイトニングで憧れの真っ白な歯に！,https://www.youtube.com/watch?v=mUpg7fOAb_s,,436.0,
o92NSQE5AOU,"インプラント治療、患者さんが思うほど痛くなく、腫れません　30年間で1000名以上　成功率98,3％の実績",https://www.youtube.com/watch?v=o92NSQE5AOU,,456.0,
rrwCE9zogHU,"オールオンフォー　一日インプラント　30年間で1000名以上　成功率98,3％の実績",https://www.youtube.com/watch?v=rrwCE9zogHU,,462.0,
H-dJiuv_v_0,見えない矯正 インビザラインとインコグニトとは？,https://www.youtube.com/watch?v=H-dJiuv_v_0,,670.0,
Qu3NZH-Axbc,なかの歯科クリニック(岡山)のオールセラミック治療とは？,https://www.youtube.com/watch?v=Qu3NZH-Axbc,,342.0,
Y31Opf3j-I4,歯医者は絶対使わない歯みがき粉？　岡山 歯医者 歯磨き粉,https://www.youtube.com/watch?v=Y31Opf3j-I4,,309.0,
rXYtvu0fcnM,なぜエグゼクティブは定期的に歯医者に通うのか？,https://www.youtube.com/watch?v=rXYtvu0fcnM,,461.0,
OyGowzbN92Y,セラミックVS銀歯　虫歯になりやすいのは？,https://www.youtube.com/watch?v=OyGowzbN92Y,,382.0,
JbUhBx1ertw,【インプラント　値段　岡山】 インプラントはまだするな!岡山の現役歯医者が告発,https://www.youtube.com/watch?v=JbUhBx1ertw,,327.0,
nAWpnKCXS5w,歯を白くする歯のホワイトニング　岡山　歯科　ホワイトニング,https://www.youtube.com/watch?v=nAWpnKCXS5w,,266.0,
0zLIu3aRMHc,All on 4（オールオンフォー）治療／岡山市北区の歯医者「なかの歯科クリニック」,https://www.youtube.com/watch?v=0zLIu3aRMHc,,313.0,
hwIBBC1Z2RQ,スタッフ第一主義 患者さん第一主義　岡山「なかの歯科クリニック」の取り組み,https://www.youtube.com/watch?v=hwIBBC1Z2RQ,,662.0,
aRpNmZuYBrg,コンビニと歯科医院を比較する５つのチェックポイント,https://www.youtube.com/watch?v=aRpNmZuYBrg,,406.0,
sXyf772JHgY,インビザライン　マウスピース矯正のよくある質問に岡山「なかの歯科クリニック」の院長 中野浩輔がお答えします,https://www.youtube.com/watch?v=sXyf772JHgY,,477.0,
glZezB9MeZc,インビザライン　アライナーの注意点　岡山でマウスピース矯正を受けるなら「なかの歯科クリニック」,https://www.youtube.com/watch?v=glZezB9MeZc,,483.0,
W3kWeLpKzJI,インビザラインで必要なアタッチメントやＩＰＲ・ディスキングについて　岡山のなかの歯科クリニックからご案内,https://www.youtube.com/watch?v=W3kWeLpKzJI,,267.0,
5GGptpWGqDI,岡山市の「なかの歯科クリニック」院長の中野浩輔　自己紹介動画　なぜ歯科医師になったか？YouTubeを始めた理由  岡山市  歯科 歯医者,https://www.youtube.com/watch?v=5GGptpWGqDI,,357.0,
0XtO3NvMF_Y,インビザライン矯正 よくある質問　岡山　歯科　矯正　インビザライン,https://www.youtube.com/watch?v=0XtO3NvMF_Y,,590.0,
r1ZeD50eqoM,痛みを和らげるインプラント？セデーション 静脈内鎮静法とは？　岡山　歯医者　インプラント　設備を紹介,https://www.youtube.com/watch?v=r1ZeD50eqoM,,261.0,
fDgzdhnPGuM,インプラントVS入れ歯　インプラントと入れ歯の利点欠点を歯科医師が解説　岡山　歯科　インプラント,https://www.youtube.com/watch?v=fDgzdhnPGuM,,413.0,
tjltQJwMmVo,【オールオンフォー　値段　岡山】  インプラント治療　オールオンフォーは本当はどうなの？,https://www.youtube.com/watch?v=tjltQJwMmVo,,914.0,
f440dKuGMXY,岡山の歯科でマスコミで有名な歯科医院は？　岡山 歯科 有名,https://www.youtube.com/watch?v=f440dKuGMXY,,496.0,
Vje-6Et1tno,これだけは止めて！歯医者編　岡山 歯科 予約,https://www.youtube.com/watch?v=Vje-6Et1tno,,569.0,
fEax3T58xaY,インビザラインって？　どこでやっても同じ？　【岡山のインビザラインで口コミで有名な歯医者】が説明します,https://www.youtube.com/watch?v=fEax3T58xaY,,340.0,
4BW3-oKAHnk,歯が先天的（生まれつき）に無い方へのインプラント治療　岡山　歯科,https://www.youtube.com/watch?v=4BW3-oKAHnk,,351.0,
MVLAN8EmrYY,奥歯のインプラント治療　インプラントVSブリッジ　岡山　歯科,https://www.youtube.com/watch?v=MVLAN8EmrYY,,380.0,
4v_XdiI8wJQ,あなたのお口年齢は？　アンチエイジングとは？ 岡山　歯科,https://www.youtube.com/watch?v=4v_XdiI8wJQ,,438.0,
fEiIkzeGMUo,歯周病・歯槽膿漏のお話し 岡山　歯医者,https://www.youtube.com/watch?v=fEiIkzeGMUo,,558.0,
dPIWizSqTFI,歯科医師の立場からの予防医療「呼吸」の大切さについて 岡山 歯科,https://www.youtube.com/watch?v=dPIWizSqTFI,,592.0,
R50_3BJHOHc,岡山の歯医者　なかの歯科が目ざす道　岡山　歯科,https://www.youtube.com/watch?v=R50_3BJHOHc,,677.0,
h0e7JAMaqLc,*インプラント　費用　岡山*　　インプラントて本当はどうなの？　インプラントを勧めるほんとうの理由   *インプラント　費用　岡山*,https://www.youtube.com/watch?v=h0e7JAMaqLc,,488.0,
qx3XQWQGNsw,岡山　歯科衛生士　求人　採用　動画編,https://www.youtube.com/watch?v=qx3XQWQGNsw,,602.0,
IbELJn1fzAA,インプラント手術の全てをお見せします　岡山　歯科,https://www.youtube.com/watch?v=IbELJn1fzAA,,994.0,
UeSasb256QE,歯周病・歯槽膿漏とは？成人の約８０％が歯周病に！　岡山　歯科,https://www.youtube.com/watch?v=UeSasb256QE,,631.0,
_xonRZSpHr0,身体は口から衰える　オーラルフレイルを防ぐためのトレーニング法　岡山　歯科,https://www.youtube.com/watch?v=_xonRZSpHr0,,392.0,
rOWiQvRWiv8,歯科医師の立場からの予防医療　「唾液と呼吸」の大切さについて　岡山 歯科,https://www.youtube.com/watch?v=rOWiQvRWiv8,,603.0,
2WEBlDWnKcc,親知らず　抜くべきか？　抜かざるべきか？　かかりつけの歯科で相談を！　岡山,https://www.youtube.com/watch?v=2WEBlDWnKcc,,275.0,
RZfnCShYu-Q,身体は口から衰える　オーラルフレイル　お口の中の健康を岡山の歯科でチェック,https://www.youtube.com/watch?v=RZfnCShYu-Q,,495.0,
JUyShtq-yBg,交通事故で歯を失った時のインプラント治療　症例紹介　岡山　歯医者,https://www.youtube.com/watch?v=JUyShtq-yBg,,580.0,
q4mjK51pQ6M,岡山の歯科　なかの歯科が選ばれる理由を1分で説明します。ナレーション,https://www.youtube.com/watch?v=q4mjK51pQ6M,,64.0,
hChgkcmkQS8,岡山の歯科　なかの歯科が選ばれる理由を2分で説明します。ナレーション,https://www.youtube.com/watch?v=hChgkcmkQS8,,124.0,
E03CI7kb14s,岡山の歯科　なかの歯科が選ばれる理由を3分で説明します。ナレーション,https://www.youtube.com/watch?v=E03CI7kb14s,,186.0,
_xzu9YI1VEA,前歯の審美障害にインプラントとオールセラミックを用いて治療を行った症例　岡山　歯科,https://www.youtube.com/watch?v=_xzu9YI1VEA,,330.0,
IrYTYMBf0fc,初めてでも安心して通える岡山の歯医者　なかの歯科クリニック,https://www.youtube.com/watch?v=IrYTYMBf0fc,,572.0,
4pmKuxz-Wgg,歯科医が開発した歯周病専用歯みがき粉　AIペリオ(アイペリオ),https://www.youtube.com/watch?v=4pmKuxz-Wgg,,592.0,
Uhl9uCCyf2w,歯周病再生療法について 岡山の歯医者 なかの歯科クリニック,https://www.youtube.com/watch?v=Uhl9uCCyf2w,,456.0,
z2whUIHqjGs,歯周病・歯槽膿漏を予防する方法 岡山の歯医者 なかの歯科クリニック,https://www.youtube.com/watch?v=z2whUIHqjGs,,428.0,
OxylKOzb0tM,なかの歯科クリニック(岡山)　歯のレントゲンの見かた　読み方,https://www.youtube.com/watch?v=OxylKOzb0tM,,628.0,
iZRLv9Q0lmg,なかの歯科クリニック(岡山)「マイクロスコープ」をご紹介します,https://www.youtube.com/watch?v=iZRLv9Q0lmg,,385.0,
SlkXYRhcmGw,All on 4（オールオン4）上部構造完成までのプロセス,https://www.youtube.com/watch?v=SlkXYRhcmGw,,505.0,
zqhCjsIb2LA,変わりゆく生活様式　歯科医院はどう変化していくべきか?,https://www.youtube.com/watch?v=zqhCjsIb2LA,,488.0,
PfMpk2ifaGY,岡山の歯科　なかの歯科が選ばれる理由を1分で説明します。,https://www.youtube.com/watch?v=PfMpk2ifaGY,,64.0,
3GsxjDuX1MI,上手な歯科医院選びのポイント【岡山の歯医者さん】,https://www.youtube.com/watch?v=3GsxjDuX1MI,,581.0,
utybTU2hECw,大人虫歯に注意しよう！【岡山の歯医者さん】,https://www.youtube.com/watch?v=utybTU2hECw,,256.0,
4fbOJREMj-E,虫歯の「脱灰」と「再石灰化」を解説【岡山の歯医者】,https://www.youtube.com/watch?v=4fbOJREMj-E,,353.0,
85d9eILUjcY,どうやって虫歯はできる？【岡山の歯医者が解説】,https://www.youtube.com/watch?v=85d9eILUjcY,,266.0,
L4nabBSP054,痛みを和らげる治療方法って？【岡山の歯医者】,https://www.youtube.com/watch?v=L4nabBSP054,,347.0,
WuAXOgfCoRo,岡山の歯医者さん「なかの歯科クリニック」の理念とビジョン,https://www.youtube.com/watch?v=WuAXOgfCoRo,,831.0,
9sb7qoHOqDo,岡山の歯医者「なかの歯科クリニック」の歯のレントゲン設備紹介,https://www.youtube.com/watch?v=9sb7qoHOqDo,,348.0,
-fdzHVebfaI,歯科医院の「治療椅子（ユニット）」紹介【岡山の歯医者】,https://www.youtube.com/watch?v=-fdzHVebfaI,,503.0,
-fxsYLw2fQw,インプラントの「オールオンフォー」の治療方法【岡山の歯医者さん】,https://www.youtube.com/watch?v=-fxsYLw2fQw,,689.0,
Hb3xjkBHZvA,新型コロナウイルス＆インフルエンザウイルスと歯周病の関係【岡山の歯医者】（その2）,https://www.youtube.com/watch?v=Hb3xjkBHZvA,,501.0,
IpoWxdwizEo,「なかの歯科クリニック」2020年の振り返り【岡山の歯医者】,https://www.youtube.com/watch?v=IpoWxdwizEo,,264.0,
S5wDu85wLDA,上顎に骨がない場合の「インプラント治療」第二話【岡山の歯医者】,https://www.youtube.com/watch?v=S5wDu85wLDA,,617.0,
vMWrzW_tYTg,上顎に骨がない場合の「インプラント治療」【岡山の歯医者】,https://www.youtube.com/watch?v=vMWrzW_tYTg,,538.0,
tOAdzUafqPM,インプラント治療における失敗とは？岡山の歯医者さんがお話しします,https://www.youtube.com/watch?v=tOAdzUafqPM,,459.0,
TX6aM6vHe6U,インプラント治療の成功率と強度を解説【岡山の歯医者さん】,https://www.youtube.com/watch?v=TX6aM6vHe6U,,256.0,
mwVzq8tVFLc,インプラントが向いている人・向いていない人【岡山の歯医者さんが解説】,https://www.youtube.com/watch?v=mwVzq8tVFLc,,517.0,
u04x_Q3AFCc,インプラント治療の手術の痛みや腫れ【岡山の歯医者】,https://www.youtube.com/watch?v=u04x_Q3AFCc,,355.0,
qDbyS2AmCo0,岡山の歯医者さん「なかの歯科クリニック」院長がカンボジアで歯科指導と歯科検診,https://www.youtube.com/watch?v=qDbyS2AmCo0,,286.0,
kZ5y_j_8o1U,新型コロナウイルス＆インフルエンザウイルスと歯周病の関係【岡山の歯医者】,https://www.youtube.com/watch?v=kZ5y_j_8o1U,,365.0,
V-2SfvxlOwY,インプラント治療とは？岡山の歯医者さんが解説します,https://www.youtube.com/watch?v=V-2SfvxlOwY,,262.0,
kSpWs9JEDAA,なかの歯科クリニック　歯科医師　求人　２０２０〜２０２１,https://www.youtube.com/watch?v=kSpWs9JEDAA,,365.0,
NP9kO0a1RDM,なかの歯科クリニック　受付・歯科助手　求人　２０２０〜２０２１,https://www.youtube.com/watch?v=NP9kO0a1RDM,,477.0,
Cnl7eKk0pJo,なかの歯科クリニック　総合案内,https://www.youtube.com/watch?v=Cnl7eKk0pJo,,437.0,
BLVlqwYHlc4,なかの歯科クリニック　衛生士　求人　２０２０〜２０２１,https://www.youtube.com/watch?v=BLVlqwYHlc4,,435.0,
R9p7qiIe4Fo,歯を削らないホワイトスポット（歯の表面の白い斑点）治療／岡山市北区 なかの歯科クリニック,https://www.youtube.com/watch?v=R9p7qiIe4Fo,,35.0,
vEjHIQzrreo,なかの歯科クリニック（岡山市北区）の新型コロナウイルス対策。　※令和2年6月6日版,https://www.youtube.com/watch?v=vEjHIQzrreo,,211.0,
6PQomgwteIA,マウスピースで歯並び矯正「インビザライン」アニメーション紹介動画／なかの歯科（岡山市）,https://www.youtube.com/watch?v=6PQomgwteIA,,219.0,
Yfsg2Z_yYFA,なかの歯科クリニック（岡山市）のウイルス感染予防対策アニメ,https://www.youtube.com/watch?v=Yfsg2Z_yYFA,,201.0,
Fxq4Uq4vTIs,新型コロナウイルスに対する「なかの歯科クリニック（岡山市北区）」の取り組み,https://www.youtube.com/watch?v=Fxq4Uq4vTIs,,678.0,
IS8yeCYOmNM,初期の虫歯を削らないで治すヒールオゾン治療／なかの歯科クリニック（岡山市北区）,https://www.youtube.com/watch?v=IS8yeCYOmNM,,34.0,
ouUGtpd14-g,虫歯予防や知覚過敏の軽減に「歯質強化」治療／なかの歯科クリニック（岡山市北区）,https://www.youtube.com/watch?v=ouUGtpd14-g,,35.0,
fRXrz3Cl2NI,ウェルデンツを使った歯をほとんど削らないブリッジ治療／なかの歯科（岡山市北区）,https://www.youtube.com/watch?v=fRXrz3Cl2NI,,91.0,
SmCC0djQYPA,虫歯を溶かして治すカリソルブ治療／なかの歯科クリニック（岡山市北区）,https://www.youtube.com/watch?v=SmCC0djQYPA,,35.0,
UCD56Crs_JI,神経を抜かないドックベストセメント虫歯治療／なかの歯科クリニック（岡山市北区）,https://www.youtube.com/watch?v=UCD56Crs_JI,,79.0,
al68FxU5VtY,新しい歯科治療のご案内／なかの歯科クリニック（岡山県岡山市北区）,https://www.youtube.com/watch?v=al68FxU5VtY,,571.0,
v413rqJv0Zk,岡山で歯のホワイトニング治療／なかの歯科クリニック（岡山市北区）,https://www.youtube.com/watch?v=v413rqJv0Zk,,248.0,
WpT-9BF1UGw,岡山で歯のセラミック治療／なかの歯科クリニック 審美歯科（岡山市北区）,https://www.youtube.com/watch?v=WpT-9BF1UGw,,421.0,
BiyS8wkLQ80,オールオン４治療はなかの歯科で！【岡山の歯医者】,https://www.youtube.com/watch?v=BiyS8wkLQ80,,291.0,
1c81d0iZ6Xs,インプラント治療で評判の良いなかの歯科で治療をしませんか？【岡山市の歯医者】,https://www.youtube.com/watch?v=1c81d0iZ6Xs,,276.0,
Uv7nzDxzgqg,最近人気のマウスピース矯正「インビザライン」【岡山の歯医者】,https://www.youtube.com/watch?v=Uv7nzDxzgqg,,382.0,
9SktpIRIYmM,私達が「なかの歯科クリニック（岡山市北区）」を選んだ理由,https://www.youtube.com/watch?v=9SktpIRIYmM,,185.0,
cmZnv2S98P4,第1回オールオン4の長所「歯がすべてなくなってしまった場合の治療方法」【岡山の歯医者さん】,https://www.youtube.com/watch?v=cmZnv2S98P4,,128.0,
2PumrSs003U,第2回オールオン4の短所「歯がすべてなくなってしまった場合の治療方法」【岡山の歯医者さん】,https://www.youtube.com/watch?v=2PumrSs003U,,134.0,
M4QY3UtIoDQ,インプラントを使った取り外し式の入れ歯「インプラントオーバーデンチャー」とは【岡山の歯医者さん】,https://www.youtube.com/watch?v=M4QY3UtIoDQ,,120.0,
TbRzEQ6wQyI,自費の入れ歯（第4回）～微妙な調整～,https://www.youtube.com/watch?v=TbRzEQ6wQyI,,119.0,
HRH0Kx945FE,自費の入れ歯（第3回）～温度を感じやすい、美味しい～,https://www.youtube.com/watch?v=HRH0Kx945FE,,125.0,
5ubHadS-DYQ,自費の入れ歯（第2回）～軽い、薄い～,https://www.youtube.com/watch?v=5ubHadS-DYQ,,133.0,
kfiofn99v0k,自費の入れ歯（第1回）～なぜ合わなくなるのか～,https://www.youtube.com/watch?v=kfiofn99v0k,,170.0,
XLNIO-1bpBk,詰め物、被せ物（第5回）～奥歯のセラミックのメリット2～,https://www.youtube.com/watch?v=XLNIO-1bpBk,,118.0,
xNrOp_-HQzQ,詰め物、被せ物（第4回）～奥歯のセラミックのメリット1～,https://www.youtube.com/watch?v=xNrOp_-HQzQ,,90.0,
s5XAbipn8H8,詰め物、被せ物（第3回）～ノンメタル治療で美肌になった例～,https://www.youtube.com/watch?v=s5XAbipn8H8,,136.0,
Qa7TjjoHwv8,詰め物、被せ物（第2回）～ノンメタル治療で体調改善例～,https://www.youtube.com/watch?v=Qa7TjjoHwv8,,139.0,
5Pl51HlE0U4,詰め物、被せ物（第1回）～さし歯ってなぜ黄色くなるの？～,https://www.youtube.com/watch?v=5Pl51HlE0U4,,99.0,
99AqNDmq6F4,メンテナンス（第6回）～糖尿病～,https://www.youtube.com/watch?v=99AqNDmq6F4,,136.0,
1vuf85hOCjE,メンテナンス（第5回）～唾液と若返り～,https://www.youtube.com/watch?v=1vuf85hOCjE,,134.0,
9IgQbrr9iCw,メンテナンス（第4回）～心臓病～,https://www.youtube.com/watch?v=9IgQbrr9iCw,,121.0,
Ty1nyVysRGQ,メンテナンス（第3回）～歯周病～,https://www.youtube.com/watch?v=Ty1nyVysRGQ,,119.0,
YEKH6cPWy4Y,メンテナンス（第2回）～健康寿命～,https://www.youtube.com/watch?v=YEKH6cPWy4Y,,132.0,
NqhBdKSUr40,メンテナンス（第1回）～タバコ～,https://www.youtube.com/watch?v=NqhBdKSUr40,,127.0,
s4siQoDxBGU,矯正（第5回）～矯正で美しい顔例～,https://www.youtube.com/watch?v=s4siQoDxBGU,,131.0,
RkhCspy4EXE,矯正（第4回）～矯正で体調改善例2 冷え性～,https://www.youtube.com/watch?v=RkhCspy4EXE,,121.0,
0Qd83StNFVA,矯正（第3回）～矯正で体調改善例1 バランス～,https://www.youtube.com/watch?v=0Qd83StNFVA,,129.0,
oK8IVmzUKfI,矯正（第2回）～矯正で笑顔と健康例～,https://www.youtube.com/watch?v=oK8IVmzUKfI,,153.0,
oXFK9DfPgi0,矯正（第1回）～矯正で結婚が決まった例～,https://www.youtube.com/watch?v=oXFK9DfPgi0,,133.0,
Q24lmWKR740,ホワイトニング（第4回）～セラミック～,https://www.youtube.com/watch?v=Q24lmWKR740,,114.0,
b7e40RCz3sk,ホワイトニング（第3回）～オフィス～,https://www.youtube.com/watch?v=b7e40RCz3sk,,107.0,
OILl6BkpLdg,ホワイトニング（第2回）～ホーム～,https://www.youtube.com/watch?v=OILl6BkpLdg,,122.0,
aWTI-xmFOcU,ホワイトニング（第1回）～好感度アップ～,https://www.youtube.com/watch?v=aWTI-xmFOcU,,134.0,
7A1KsF3bVDc,第3回インプラントのメリット、デメリット～見た目が美しい～【岡山の歯医者さん】,https://www.youtube.com/watch?v=7A1KsF3bVDc,,162.0,
wUUimib1KTw,第2回インプラントのメリット、デメリット～他の歯に影響がない～【岡山の歯医者さん】,https://www.youtube.com/watch?v=wUUimib1KTw,,147.0,
nfoWUBp-7F8,第1回インプラントのメリット、デメリット【岡山の歯医者さん】,https://www.youtube.com/watch?v=nfoWUBp-7F8,,176.0,
YF8S4sZIXdI,第4回インプラントのメリット、デメリット～美味しく食べられる～【岡山の歯医者さん】,https://www.youtube.com/watch?v=YF8S4sZIXdI,,169.0,
PSeVzRlcAxo,岡山の歯医者さん「なかの歯科クリニック」への行き方！バス停「平津橋」から,https://www.youtube.com/watch?v=PSeVzRlcAxo,,51.0,
v0MQRQY3LvU,岡山の歯医者さん「なかの歯科クリニック」をドローン空撮,https://www.youtube.com/watch?v=v0MQRQY3LvU,,27.0,
t7KjPRkyYR0,2012忘年会！岡山の歯医者さん「なかの歯科クリニック」の1年,https://www.youtube.com/watch?v=t7KjPRkyYR0,,321.0,
OU0biGWNgys,サブチーフ歯科衛生士 「 田儀 由美恵 」 からのメッセージ【岡山の歯医者さん】,https://www.youtube.com/watch?v=OU0biGWNgys,,131.0,
z2cMITSPdDw,岡山の歯医者さんのチーフ歯科衛生士「三宅 智恵子」さんにインタビュー,https://www.youtube.com/watch?v=z2cMITSPdDw,,221.0,
wYkLE-5KSuc,岡山の歯医者さんの歯科衛生士「岩橋 亜樹」にインタビュー,https://www.youtube.com/watch?v=wYkLE-5KSuc,,91.0,
mNtCVOXHI-A,岡山の歯医者さんの歯科衛生士「林 亜里沙」からのメッセージ,https://www.youtube.com/watch?v=mNtCVOXHI-A,,166.0,
dCpm5C_UysY,岡山の歯医者さんでインプラント治療をしよう！当院のインプラント治療をご紹介,https://www.youtube.com/watch?v=dCpm5C_UysY,,984.0,
t6p49TVXiLc,入れ歯で困っている方へ岡山の歯医者さんからメッセージ,https://www.youtube.com/watch?v=t6p49TVXiLc,,38.0,
kf6BDgRt9Qk,インプラント治療って？模型・図で分かりやすく解説！【岡山の歯医者さん】,https://www.youtube.com/watch?v=kf6BDgRt9Qk,,282.0,
2hBkSVoYYUY,歯の健康 を守るためにできる予防方法【岡山の歯医者さん】,https://www.youtube.com/watch?v=2hBkSVoYYUY,,223.0,
jt139TLEQro,岡山の歯医者さん「なかの歯科クリニック」の風景,https://www.youtube.com/watch?v=jt139TLEQro,,290.0,
hZoDgwC-Hk4,虫歯予防と虫歯治療について解説【岡山の歯医者さん】,https://www.youtube.com/watch?v=hZoDgwC-Hk4,,333.0,
iQQoSgnIaK8,岡山の歯医者さん「なかの歯科クリニック」のインプラント治療,https://www.youtube.com/watch?v=iQQoSgnIaK8,,985.0,
tBbAXUnVatI,インプラント治療について歯科医師にインタビュー！【岡山の歯医者さん】,https://www.youtube.com/watch?v=tBbAXUnVatI,,553.0,
pxabpr1OVnw,開院２０周年のご挨拶 - なかの歯科 （ 岡山 ）,https://www.youtube.com/watch?v=pxabpr1OVnw,,44.0,
Y4VjJEp-VRM,インプラント治療の腫れや痛みについてお話しします【岡山市の歯医者さん】,https://www.youtube.com/watch?v=Y4VjJEp-VRM,,57.0,
Pv_7YLkSwRY,骨が無いのでインプラント治療ができないと言われたらどうする？【岡山の歯医者さん】,https://www.youtube.com/watch?v=Pv_7YLkSwRY,,58.0,
R5PILJU4Pt8,岡山市のインプラント歯科 「 なかの歯科クリニック 」 院長からのご挨拶【評判の良い歯医者さん】,https://www.youtube.com/watch?v=R5PILJU4Pt8,,43.0,
42TaauhMLWo,インプラント治療の歯科医院選びについてお話します！【岡山の歯医者さん】,https://www.youtube.com/watch?v=42TaauhMLWo,,71.0,
qrLKQtcOM_o,岡山市の歯医者さんがインプラント治療の流れを解説！【口コミで評判のインプラント専門医】,https://www.youtube.com/watch?v=qrLKQtcOM_o,,67.0,
NTXY2V4DNLA,岡山市の歯医者さんがインプラント治療の基本を解説！【口コミで評判のインプラント専門医】,https://www.youtube.com/watch?v=NTXY2V4DNLA,,72.0,
Q2yZGDknN5Y,口コミで評判の歯医者さんがインプラント後のアフターケアを解説【岡山市】,https://www.youtube.com/watch?v=Q2yZGDknN5Y,,44.0,
o4bPgKtTX5c,口コミで評判の歯医者さんがインプラントの手術時間を解説！【岡山市】,https://www.youtube.com/watch?v=o4bPgKtTX5c,,55.0,
HG29uLSAMvQ,【岡山】「口コミでおすすめと評判のなかの歯科」院長からメッセージ,https://www.youtube.com/watch?v=HG29uLSAMvQ,,29.0,
rOjgZgHrSn8,口コミでおすすめの評判の良い歯医者さんが「オールオン4」を解説【岡山市】,https://www.youtube.com/watch?v=rOjgZgHrSn8,,383.0,
N526p6YlMIc,【岡山】名医が居る歯科医院「 なかの歯科クリニック 」院内案内ムービー,https://www.youtube.com/watch?v=N526p6YlMIc,,355.0,
RjpfgGUq7Ao,岡山市の歯医者さんがインプラント治療について解説します！【インプラント学会の専門医】,https://www.youtube.com/watch?v=RjpfgGUq7Ao,,262.0,
_hX8FVrL3P8,【岡山】なかの歯科クリニック院長「中野浩輔」ご挨拶,https://www.youtube.com/watch?v=_hX8FVrL3P8,,63.0,
9tNkDFogtyk,【岡山市】実績がある歯科医院と言えば「なかの歯科クリニック」,https://www.youtube.com/watch?v=9tNkDFogtyk,,203.0,
